match_id,season_id,match_date,city,venue,venue_region
335982,2008,2008-04-18,Bangalore,M Chinnaswamy Stadium,India
1082591,2017,2017-04-05,Hyderabad,"Rajiv Gandhi International Stadium, Uppal",India
1082592,2017,2017-04-06,Pune,Maharashtra Cricket Association Stadium,India
1082593,2017,2017-04-07,Rajkot,Saurashtra Cricket Association Stadium,India
1082594,2017,2017-04-08,Indore,Holkar Cricket Stadium,India
1082595,2017,2017-04-08,Bengaluru,M.Chinnaswamy Stadium,India
1082596,2017,2017-04-09,Hyderabad,"Rajiv Gandhi International Stadium, Uppal",India
1082597,2017,2017-04-09,Mumbai,Wankhede Stadium,India
1082598,2017,2017-04-10,Indore,Holkar Cricket Stadium,India
1082599,2017,2017-04-11,Pune,Maharashtra Cricket Association Stadium,India
1082600,2017,2017-04-12,Mumbai,Wankhede Stadium,India
1082601,2017,2017-04-13,Kolkata,Eden Gardens,India
1082602,2017,2017-04-14,Bangalore,M Chinnaswamy Stadium,India
1082603,2017,2017-04-14,Rajkot,Saurashtra Cricket Association Stadium,India
1082604,2017,2017-04-15,Kolkata,Eden Gardens,India
1082605,2017,2017-04-15,Delhi,Feroz Shah Kotla,India
1082606,2017,2017-04-16,Mumbai,Wankhede Stadium,India
1082607,2017,2017-04-16,Bangalore,M Chinnaswamy Stadium,India
1082608,2017,2017-04-17,Delhi,Feroz Shah Kotla,India
1082609,2017,2017-04-17,Hyderabad,"Rajiv Gandhi International Stadium, Uppal",India
1082610,2017,2017-04-18,Rajkot,Saurashtra Cricket Association Stadium,India
1082611,2017,2017-04-19,Hyderabad,"Rajiv Gandhi International Stadium, Uppal",India
1082612,2017,2017-04-20,Indore,Holkar Cricket Stadium,India
1082613,2017,2017-04-21,Kolkata,Eden Gardens,India
1082614,2017,2017-04-22,Mumbai,Wankhede Stadium,India
1082615,2017,2017-04-22,Pune,Maharashtra Cricket Association Stadium,India
1082616,2017,2017-04-23,Rajkot,Saurashtra Cricket Association Stadium,India
1082617,2017,2017-04-23,Kolkata,Eden Gardens,India
1082618,2017,2017-04-24,Mumbai,Wankhede Stadium,India
1082620,2017,2017-04-26,Pune,Maharashtra Cricket Association Stadium,India
1082621,2017,2017-04-27,Bangalore,M Chinnaswamy Stadium,India
1082622,2017,2017-04-28,Kolkata,Eden Gardens,India
1082623,2017,2017-04-28,Chandigarh,"Punjab Cricket Association IS Bindra Stadium, Mohali",India
1082624,2017,2017-04-29,Pune,Maharashtra Cricket Association Stadium,India
1082625,2017,2017-04-29,Rajkot,Saurashtra Cricket Association Stadium,India
1082626,2017,2017-04-30,Chandigarh,"Punjab Cricket Association IS Bindra Stadium, Mohali",India
1082627,2017,2017-04-30,Hyderabad,"Rajiv Gandhi International Stadium, Uppal",India
1082628,2017,2017-05-01,Mumbai,Wankhede Stadium,India
1082629,2017,2017-05-01,Pune,Maharashtra Cricket Association Stadium,India
1082630,2017,2017-05-02,Delhi,Feroz Shah Kotla,India
1082631,2017,2017-05-03,Kolkata,Eden Gardens,India
1082632,2017,2017-05-04,Delhi,Feroz Shah Kotla,India
1082633,2017,2017-05-05,Bangalore,M Chinnaswamy Stadium,India
1082634,2017,2017-05-06,Hyderabad,"Rajiv Gandhi International Stadium, Uppal",India
1082635,2017,2017-05-06,Delhi,Feroz Shah Kotla,India
1082636,2017,2017-05-07,Bangalore,M Chinnaswamy Stadium,India
1082637,2017,2017-05-07,Chandigarh,"Punjab Cricket Association IS Bindra Stadium, Mohali",India
1082638,2017,2017-05-08,Hyderabad,"Rajiv Gandhi International Stadium, Uppal",India
1082639,2017,2017-05-09,Chandigarh,"Punjab Cricket Association IS Bindra Stadium, Mohali",India
1082640,2017,2017-05-10,Kanpur,Green Park,India
1082641,2017,2017-05-11,Mumbai,Wankhede Stadium,India
1082642,2017,2017-05-12,Delhi,Feroz Shah Kotla,India
1082643,2017,2017-05-13,Kanpur,Green Park,India
1082644,2017,2017-05-13,Kolkata,Eden Gardens,India
1082645,2017,2017-05-14,Pune,Maharashtra Cricket Association Stadium,India
1082646,2017,2017-05-14,Delhi,Feroz Shah Kotla,India
1082647,2017,2017-05-16,Mumbai,Wankhede Stadium,India
1082648,2017,2017-05-17,Bangalore,M Chinnaswamy Stadium,India
1082649,2017,2017-05-19,Bangalore,M Chinnaswamy Stadium,India
1082650,2017,2017-05-21,Hyderabad,"Rajiv Gandhi International Stadium, Uppal",India
1136561,2018,2018-04-07,Mumbai,Wankhede Stadium,India
1136562,2018,2018-04-08,Chandigarh,Punjab Cricket Association IS Bindra Stadium,India
1136563,2018,2018-04-08,Kolkata,Eden Gardens,India
1136564,2018,2018-04-09,Hyderabad,Rajiv Gandhi International Stadium,India
1136565,2018,2018-04-10,Chennai,MA Chidambaram Stadium,India
1136566,2018,2018-04-11,Jaipur,Sawai Mansingh Stadium,India
1136567,2018,2018-04-12,Hyderabad,Rajiv Gandhi International Stadium,India
1136568,2018,2018-04-13,Bengaluru,M.Chinnaswamy Stadium,India
1136569,2018,2018-04-14,Mumbai,Wankhede Stadium,India
1136570,2018,2018-04-14,Kolkata,Eden Gardens,India
1136571,2018,2018-04-15,Bengaluru,M.Chinnaswamy Stadium,India
1136572,2018,2018-04-15,Chandigarh,Punjab Cricket Association IS Bindra Stadium,India
1136573,2018,2018-04-16,Kolkata,Eden Gardens,India
1136574,2018,2018-04-17,Mumbai,Wankhede Stadium,India
1136575,2018,2018-04-18,Jaipur,Sawai Mansingh Stadium,India
1136576,2018,2018-04-19,Chandigarh,Punjab Cricket Association IS Bindra Stadium,India
1136577,2018,2018-04-20,Pune,Maharashtra Cricket Association Stadium,India
1136578,2018,2018-04-21,Kolkata,Eden Gardens,India
1136579,2018,2018-04-21,Bengaluru,M.Chinnaswamy Stadium,India
1136580,2018,2018-04-22,Hyderabad,Rajiv Gandhi International Stadium,India
1136581,2018,2018-04-22,Jaipur,Sawai Mansingh Stadium,India
1136582,2018,2018-04-23,Delhi,Arun Jaitley Stadium,India
1136583,2018,2018-04-24,Mumbai,Wankhede Stadium,India
1136584,2018,2018-04-25,Bengaluru,M.Chinnaswamy Stadium,India
1136585,2018,2018-04-26,Hyderabad,Rajiv Gandhi International Stadium,India
1136586,2018,2018-04-27,Delhi,Arun Jaitley Stadium,India
1136587,2018,2018-04-28,Pune,Maharashtra Cricket Association Stadium,India
1136588,2018,2018-04-29,Jaipur,Sawai Mansingh Stadium,India
1136589,2018,2018-04-29,Bengaluru,M.Chinnaswamy Stadium,India
1136590,2018,2018-04-30,Pune,Maharashtra Cricket Association Stadium,India
1136591,2018,2018-05-01,Bengaluru,M.Chinnaswamy Stadium,India
1136592,2018,2018-05-02,Delhi,Arun Jaitley Stadium,India
1136593,2018,2018-05-03,Kolkata,Eden Gardens,India
1136594,2018,2018-05-04,Indore,Holkar Cricket Stadium,India
1136595,2018,2018-05-05,Pune,Maharashtra Cricket Association Stadium,India
1136596,2018,2018-05-05,Hyderabad,Rajiv Gandhi International Stadium,India
1136597,2018,2018-05-06,Mumbai,Wankhede Stadium,India
1136598,2018,2018-05-06,Indore,Holkar Cricket Stadium,India
1136599,2018,2018-05-07,Hyderabad,Rajiv Gandhi International Stadium,India
1136600,2018,2018-05-08,Jaipur,Sawai Mansingh Stadium,India
1136601,2018,2018-05-09,Kolkata,Eden Gardens,India
1136602,2018,2018-05-10,Delhi,Arun Jaitley Stadium,India
1136603,2018,2018-05-11,Jaipur,Sawai Mansingh Stadium,India
1136604,2018,2018-05-12,Indore,Holkar Cricket Stadium,India
1136605,2018,2018-05-12,Delhi,Arun Jaitley Stadium,India
1136606,2018,2018-05-13,Pune,Maharashtra Cricket Association Stadium,India
1136607,2018,2018-05-13,Mumbai,Wankhede Stadium,India
1136608,2018,2018-05-14,Indore,Holkar Cricket Stadium,India
1136609,2018,2018-05-15,Kolkata,Eden Gardens,India
1136610,2018,2018-05-16,Mumbai,Wankhede Stadium,India
1136611,2018,2018-05-17,Bengaluru,M.Chinnaswamy Stadium,India
1136612,2018,2018-05-18,Delhi,Arun Jaitley Stadium,India
1136613,2018,2018-05-19,Jaipur,Sawai Mansingh Stadium,India
1136614,2018,2018-05-19,Hyderabad,Rajiv Gandhi International Stadium,India
1136615,2018,2018-05-20,Delhi,Arun Jaitley Stadium,India
1136616,2018,2018-05-20,Pune,Maharashtra Cricket Association Stadium,India
1136617,2018,2018-05-22,Mumbai,Wankhede Stadium,India
1136618,2018,2018-05-23,Kolkata,Eden Gardens,India
1136619,2018,2018-05-25,Kolkata,Eden Gardens,India
1136620,2018,2018-05-27,Mumbai,Wankhede Stadium,India
1175356,2019,2019-03-23,Chennai,MA Chidambaram Stadium,India
1175357,2019,2019-03-24,Kolkata,Eden Gardens,India
1175358,2019,2019-03-24,Mumbai,Wankhede Stadium,India
1175359,2019,2019-03-25,Jaipur,Sawai Mansingh Stadium,India
1175360,2019,2019-03-26,Delhi,Arun Jaitley Stadium,India
1175361,2019,2019-03-27,Kolkata,Eden Gardens,India
1175362,2019,2019-03-28,Bengaluru,M.Chinnaswamy Stadium,India
1175363,2019,2019-03-29,Hyderabad,Rajiv Gandhi International Stadium,India
1175364,2019,2019-03-30,Chandigarh,Punjab Cricket Association IS Bindra Stadium,India
1175365,2019,2019-03-30,Delhi,Arun Jaitley Stadium,India
1175366,2019,2019-03-31,Hyderabad,Rajiv Gandhi International Stadium,India
1175367,2019,2019-03-31,Chennai,MA Chidambaram Stadium,India
1175368,2019,2019-04-01,Chandigarh,Punjab Cricket Association IS Bindra Stadium,India
1175369,2019,2019-04-02,Jaipur,Sawai Mansingh Stadium,India
1175370,2019,2019-04-03,Mumbai,Wankhede Stadium,India
1175371,2019,2019-04-04,Delhi,Arun Jaitley Stadium,India
1175372,2019,2019-04-05,Bengaluru,M.Chinnaswamy Stadium,India
1178393,2019,2019-04-06,Chennai,MA Chidambaram Stadium,India
1178394,2019,2019-04-06,Hyderabad,Rajiv Gandhi International Stadium,India
1178395,2019,2019-04-07,Bengaluru,M.Chinnaswamy Stadium,India
1178396,2019,2019-04-07,Jaipur,Sawai Mansingh Stadium,India
1178397,2019,2019-04-08,Chandigarh,Punjab Cricket Association IS Bindra Stadium,India
1178398,2019,2019-04-09,Chennai,MA Chidambaram Stadium,India
1178399,2019,2019-04-10,Mumbai,Wankhede Stadium,India
1178400,2019,2019-04-11,Jaipur,Sawai Mansingh Stadium,India
1178401,2019,2019-04-12,Kolkata,Eden Gardens,India
1178402,2019,2019-04-13,Mumbai,Wankhede Stadium,India
1178403,2019,2019-04-13,Chandigarh,Punjab Cricket Association IS Bindra Stadium,India
1178404,2019,2019-04-14,Kolkata,Eden Gardens,India
1178405,2019,2019-04-14,Hyderabad,Rajiv Gandhi International Stadium,India
1178406,2019,2019-04-15,Mumbai,Wankhede Stadium,India
1178407,2019,2019-04-16,Chandigarh,Punjab Cricket Association IS Bindra Stadium,India
1178408,2019,2019-04-17,Hyderabad,Rajiv Gandhi International Stadium,India
1178409,2019,2019-04-18,Delhi,Arun Jaitley Stadium,India
1178410,2019,2019-04-19,Kolkata,Eden Gardens,India
1178411,2019,2019-04-20,Jaipur,Sawai Mansingh Stadium,India
1178412,2019,2019-04-20,Delhi,Arun Jaitley Stadium,India
1178413,2019,2019-04-21,Hyderabad,Rajiv Gandhi International Stadium,India
1178414,2019,2019-04-21,Bengaluru,M.Chinnaswamy Stadium,India
1178415,2019,2019-04-22,Jaipur,Sawai Mansingh Stadium,India
1178416,2019,2019-04-23,Chennai,MA Chidambaram Stadium,India
1178417,2019,2019-04-24,Bengaluru,M.Chinnaswamy Stadium,India
1178418,2019,2019-04-25,Kolkata,Eden Gardens,India
1178419,2019,2019-04-26,Chennai,MA Chidambaram Stadium,India
1178420,2019,2019-04-27,Jaipur,Sawai Mansingh Stadium,India
1178421,2019,2019-04-28,Delhi,Arun Jaitley Stadium,India
1178422,2019,2019-04-28,Kolkata,Eden Gardens,India
1178423,2019,2019-04-29,Hyderabad,Rajiv Gandhi International Stadium,India
1178424,2019,2019-04-30,Bengaluru,M.Chinnaswamy Stadium,India
1178425,2019,2019-05-01,Chennai,MA Chidambaram Stadium,India
1178426,2019,2019-05-02,Mumbai,Wankhede Stadium,India
1178427,2019,2019-05-03,Chandigarh,Punjab Cricket Association IS Bindra Stadium,India
1178428,2019,2019-05-04,Delhi,Arun Jaitley Stadium,India
1178429,2019,2019-05-04,Bengaluru,M.Chinnaswamy Stadium,India
1178430,2019,2019-05-05,Chandigarh,Punjab Cricket Association IS Bindra Stadium,India
1178431,2019,2019-05-05,Mumbai,Wankhede Stadium,India
1181764,2019,2019-05-07,Chennai,MA Chidambaram Stadium,India
1181766,2019,2019-05-08,Visakhapatnam,Dr. Y.S. Rajasekhara Reddy ACA-VDCA Cricket Stadium,India
1181767,2019,2019-05-10,Visakhapatnam,Dr. Y.S. Rajasekhara Reddy ACA-VDCA Cricket Stadium,India
1181768,2019,2019-05-12,Hyderabad,Rajiv Gandhi International Stadium,India
1216492,2020,2020-09-19,Abu Dhabi,Sheikh Zayed Stadium,Overseas
1216493,2020,2020-09-20,,Dubai International Cricket Stadium,Overseas
1216494,2020,2020-10-21,Abu Dhabi,Sheikh Zayed Stadium,Overseas
1216495,2020,2020-11-03,,Sharjah Cricket Stadium,Overseas
1216496,2020,2020-09-22,,Sharjah Cricket Stadium,Overseas
1216497,2020,2020-10-24,Abu Dhabi,Sheikh Zayed Stadium,Overseas
1216498,2020,2020-10-24,,Dubai International Cricket Stadium,Overseas
1216499,2020,2020-10-28,Abu Dhabi,Sheikh Zayed Stadium,Overseas
1216500,2020,2020-10-09,,Sharjah Cricket Stadium,Overseas
1216501,2020,2020-10-07,Abu Dhabi,Sheikh Zayed Stadium,Overseas
1216502,2020,2020-10-31,,Sharjah Cricket Stadium,Overseas
1216503,2020,2020-10-01,Abu Dhabi,Sheikh Zayed Stadium,Overseas
1216504,2020,2020-09-30,,Dubai International Cricket Stadium,Overseas
1216505,2020,2020-11-02,Abu Dhabi,Sheikh Zayed Stadium,Overseas
1216506,2020,2020-11-01,Abu Dhabi,Sheikh Zayed Stadium,Overseas
1216507,2020,2020-10-11,,Dubai International Cricket Stadium,Overseas
1216508,2020,2020-09-23,Abu Dhabi,Sheikh Zayed Stadium,Overseas
1216509,2020,2020-10-17,,Sharjah Cricket Stadium,Overseas
1216510,2020,2020-09-24,,Dubai International Cricket Stadium,Overseas
1216511,2020,2020-10-06,Abu Dhabi,Sheikh Zayed Stadium,Overseas
1216512,2020,2020-10-18,Abu Dhabi,Sheikh Zayed Stadium,Overseas
1216513,2020,2020-10-04,,Dubai International Cricket Stadium,Overseas
1216514,2020,2020-10-03,Abu Dhabi,Sheikh Zayed Stadium,Overseas
1216515,2020,2020-10-03,,Sharjah Cricket Stadium,Overseas
1216516,2020,2020-10-02,,Dubai International Cricket Stadium,Overseas
1216517,2020,2020-10-18,,Dubai International Cricket Stadium,Overseas
1216518,2020,2020-10-22,,Dubai International Cricket Stadium,Overseas
1216519,2020,2020-10-05,,Dubai International Cricket Stadium,Overseas
1216520,2020,2020-10-26,,Sharjah Cricket Stadium,Overseas
1216521,2020,2020-10-23,,Sharjah Cricket Stadium,Overseas
1216522,2020,2020-10-17,,Dubai International Cricket Stadium,Overseas
1216523,2020,2020-10-10,Abu Dhabi,Sheikh Zayed Stadium,Overseas
1216524,2020,2020-10-27,,Dubai International Cricket Stadium,Overseas
1216525,2020,2020-10-10,,Dubai International Cricket Stadium,Overseas
1216526,2020,2020-10-16,Abu Dhabi,Sheikh Zayed Stadium,Overseas
1216527,2020,2020-09-27,,Sharjah Cricket Stadium,Overseas
1216528,2020,2020-10-13,,Dubai International Cricket Stadium,Overseas
1216529,2020,2020-10-11,Abu Dhabi,Sheikh Zayed Stadium,Overseas
1216530,2020,2020-11-01,,Dubai International Cricket Stadium,Overseas
1216531,2020,2020-10-15,,Sharjah Cricket Stadium,Overseas
1216532,2020,2020-09-29,Abu Dhabi,Sheikh Zayed Stadium,Overseas
1216533,2020,2020-10-19,Abu Dhabi,Sheikh Zayed Stadium,Overseas
1216534,2020,2020-09-21,,Dubai International Cricket Stadium,Overseas
1216535,2020,2020-10-31,,Dubai International Cricket Stadium,Overseas
1216536,2020,2020-10-29,,Dubai International Cricket Stadium,Overseas
1216537,2020,2020-10-30,Abu Dhabi,Sheikh Zayed Stadium,Overseas
1216538,2020,2020-10-04,,Sharjah Cricket Stadium,Overseas
1216539,2020,2020-09-25,,Dubai International Cricket Stadium,Overseas
1216540,2020,2020-10-12,,Sharjah Cricket Stadium,Overseas
1216541,2020,2020-10-25,Abu Dhabi,Sheikh Zayed Stadium,Overseas
1216542,2020,2020-10-08,,Dubai International Cricket Stadium,Overseas
1216543,2020,2020-10-14,,Dubai International Cricket Stadium,Overseas
1216544,2020,2020-10-25,,Dubai International Cricket Stadium,Overseas
1216545,2020,2020-09-26,Abu Dhabi,Sheikh Zayed Stadium,Overseas
1216546,2020,2020-10-20,,Dubai International Cricket Stadium,Overseas
1216547,2020,2020-09-28,,Dubai International Cricket Stadium,Overseas
1237177,2020,2020-11-05,,Dubai International Cricket Stadium,Overseas
1237178,2020,2020-11-06,Abu Dhabi,Sheikh Zayed Stadium,Overseas
1237180,2020,2020-11-08,Abu Dhabi,Sheikh Zayed Stadium,Overseas
1237181,2020,2020-11-10,,Dubai International Cricket Stadium,Overseas
1254058,2021,2021-04-09,Chennai,"MA Chidambaram Stadium, Chepauk, Chennai",India
1254059,2021,2021-04-10,Mumbai,"Wankhede Stadium, Mumbai",India
1254060,2021,2021-04-11,Chennai,"MA Chidambaram Stadium, Chepauk, Chennai",India
1254061,2021,2021-04-12,Mumbai,"Wankhede Stadium, Mumbai",India
1254062,2021,2021-04-13,Chennai,"MA Chidambaram Stadium, Chepauk, Chennai",India
1254063,2021,2021-04-14,Chennai,"MA Chidambaram Stadium, Chepauk, Chennai",India
1254064,2021,2021-04-15,Mumbai,"Wankhede Stadium, Mumbai",India
1254065,2021,2021-04-16,Mumbai,"Wankhede Stadium, Mumbai",India
1254066,2021,2021-04-17,Chennai,"MA Chidambaram Stadium, Chepauk, Chennai",India
1254067,2021,2021-04-18,Chennai,"MA Chidambaram Stadium, Chepauk, Chennai",India
1254068,2021,2021-04-18,Mumbai,"Wankhede Stadium, Mumbai",India
1254069,2021,2021-04-19,Mumbai,"Wankhede Stadium, Mumbai",India
1254070,2021,2021-04-20,Chennai,"MA Chidambaram Stadium, Chepauk, Chennai",India
1254071,2021,2021-04-21,Chennai,"MA Chidambaram Stadium, Chepauk, Chennai",India
1254072,2021,2021-04-21,Mumbai,"Wankhede Stadium, Mumbai",India
1254073,2021,2021-04-22,Mumbai,"Wankhede Stadium, Mumbai",India
1254074,2021,2021-04-23,Chennai,"MA Chidambaram Stadium, Chepauk, Chennai",India
1254075,2021,2021-04-24,Mumbai,"Wankhede Stadium, Mumbai",India
1254076,2021,2021-04-25,Mumbai,"Wankhede Stadium, Mumbai",India
1254077,2021,2021-04-25,Chennai,"MA Chidambaram Stadium, Chepauk, Chennai",India
1254078,2021,2021-04-26,Ahmedabad,"Narendra Modi Stadium, Ahmedabad",India
1254079,2021,2021-04-27,Ahmedabad,"Narendra Modi Stadium, Ahmedabad",India
1254080,2021,2021-04-28,Delhi,"Arun Jaitley Stadium, Delhi",India
1254081,2021,2021-04-29,Delhi,"Arun Jaitley Stadium, Delhi",India
1254082,2021,2021-04-29,Ahmedabad,"Narendra Modi Stadium, Ahmedabad",India
1254083,2021,2021-04-30,Ahmedabad,"Narendra Modi Stadium, Ahmedabad",India
1254084,2021,2021-05-01,Delhi,"Arun Jaitley Stadium, Delhi",India
1254085,2021,2021-05-02,Delhi,"Arun Jaitley Stadium, Delhi",India
1254086,2021,2021-05-02,Ahmedabad,"Narendra Modi Stadium, Ahmedabad",India
1254087,2021,2021-09-20,Abu Dhabi,"Zayed Cricket Stadium, Abu Dhabi",Overseas
1254088,2021,2021-10-08,Abu Dhabi,"Zayed Cricket Stadium, Abu Dhabi",Overseas
1254089,2021,2021-10-02,Abu Dhabi,"Zayed Cricket Stadium, Abu Dhabi",Overseas
1254090,2021,2021-10-03,Sharjah,Sharjah Cricket Stadium,Overseas
1254091,2021,2021-09-30,Sharjah,Sharjah Cricket Stadium,Overseas
1254092,2021,2021-09-28,Sharjah,Sharjah Cricket Stadium,Overseas
1254093,2021,2021-10-05,Sharjah,Sharjah Cricket Stadium,Overseas
1254094,2021,2021-10-07,Dubai,Dubai International Cricket Stadium,Overseas
1254095,2021,2021-10-06,Abu Dhabi,"Zayed Cricket Stadium, Abu Dhabi",Overseas
1254096,2021,2021-09-23,Abu Dhabi,"Zayed Cricket Stadium, Abu Dhabi",Overseas
1254097,2021,2021-09-25,Abu Dhabi,"Zayed Cricket Stadium, Abu Dhabi",Overseas
1254098,2021,2021-09-26,Abu Dhabi,"Zayed Cricket Stadium, Abu Dhabi",Overseas
1254099,2021,2021-09-28,Abu Dhabi,"Zayed Cricket Stadium, Abu Dhabi",Overseas
1254100,2021,2021-09-27,Dubai,Dubai International Cricket Stadium,Overseas
1254101,2021,2021-10-08,Dubai,Dubai International Cricket Stadium,Overseas
1254102,2021,2021-10-01,Dubai,Dubai International Cricket Stadium,Overseas
1254103,2021,2021-09-29,Dubai,Dubai International Cricket Stadium,Overseas
1254104,2021,2021-09-19,Dubai,Dubai International Cricket Stadium,Overseas
1254105,2021,2021-09-22,Dubai,Dubai International Cricket Stadium,Overseas
1254106,2021,2021-10-07,Sharjah,Sharjah Cricket Stadium,Overseas
1254107,2021,2021-09-25,Sharjah,Sharjah Cricket Stadium,Overseas
1254108,2021,2021-09-26,Dubai,Dubai International Cricket Stadium,Overseas
1254109,2021,2021-10-03,Dubai,Dubai International Cricket Stadium,Overseas
1254110,2021,2021-10-04,Dubai,Dubai International Cricket Stadium,Overseas
1254111,2021,2021-09-21,Dubai,Dubai International Cricket Stadium,Overseas
1254112,2021,2021-10-02,Sharjah,Sharjah Cricket Stadium,Overseas
1254113,2021,2021-09-24,Sharjah,Sharjah Cricket Stadium,Overseas
1254114,2021,2021-10-10,Dubai,Dubai International Cricket Stadium,Overseas
1254115,2021,2021-10-11,Sharjah,Sharjah Cricket Stadium,Overseas
1254116,2021,2021-10-13,Sharjah,Sharjah Cricket Stadium,Overseas
1254117,2021,2021-10-15,Dubai,Dubai International Cricket Stadium,Overseas
1304047,2022,2022-03-26,Mumbai,"Wankhede Stadium, Mumbai",India
1304048,2022,2022-03-27,Mumbai,"Brabourne Stadium, Mumbai",India
1304049,2022,2022-03-27,Mumbai,"Dr DY Patil Sports Academy, Mumbai",India
1304050,2022,2022-03-28,Mumbai,"Wankhede Stadium, Mumbai",India
1304051,2022,2022-03-29,Pune,"Maharashtra Cricket Association Stadium, Pune",India
1304052,2022,2022-03-30,Mumbai,"Dr DY Patil Sports Academy, Mumbai",India
1304053,2022,2022-03-31,Mumbai,"Brabourne Stadium, Mumbai",India
1304054,2022,2022-04-01,Mumbai,"Wankhede Stadium, Mumbai",India
1304055,2022,2022-04-02,Mumbai,"Dr DY Patil Sports Academy, Mumbai",India
1304056,2022,2022-04-02,Pune,"Maharashtra Cricket Association Stadium, Pune",India
1304057,2022,2022-04-03,Mumbai,"Brabourne Stadium, Mumbai",India
1304058,2022,2022-04-04,Mumbai,"Dr DY Patil Sports Academy, Mumbai",India
1304059,2022,2022-04-05,Mumbai,"Wankhede Stadium, Mumbai",India
1304060,2022,2022-04-06,Pune,"Maharashtra Cricket Association Stadium, Pune",India
1304061,2022,2022-04-07,Mumbai,"Dr DY Patil Sports Academy, Mumbai",India
1304062,2022,2022-04-08,Mumbai,"Brabourne Stadium, Mumbai",India
1304063,2022,2022-04-09,Mumbai,"Dr DY Patil Sports Academy, Mumbai",India
1304064,2022,2022-04-09,Pune,"Maharashtra Cricket Association Stadium, Pune",India
1304065,2022,2022-04-10,Mumbai,"Brabourne Stadium, Mumbai",India
1304066,2022,2022-04-10,Mumbai,"Wankhede Stadium, Mumbai",India
1304067,2022,2022-04-11,Mumbai,"Dr DY Patil Sports Academy, Mumbai",India
1304068,2022,2022-04-12,Mumbai,"Dr DY Patil Sports Academy, Mumbai",India
1304069,2022,2022-04-13,Pune,"Maharashtra Cricket Association Stadium, Pune",India
1304070,2022,2022-04-14,Mumbai,"Dr DY Patil Sports Academy, Mumbai",India
1304071,2022,2022-04-15,Mumbai,"Brabourne Stadium, Mumbai",India
1304072,2022,2022-04-16,Mumbai,"Brabourne Stadium, Mumbai",India
1304073,2022,2022-04-16,Mumbai,"Wankhede Stadium, Mumbai",India
1304074,2022,2022-04-17,Mumbai,"Dr DY Patil Sports Academy, Mumbai",India
1304075,2022,2022-04-17,Pune,"Maharashtra Cricket Association Stadium, Pune",India
1304076,2022,2022-04-18,Mumbai,"Brabourne Stadium, Mumbai",India
1304077,2022,2022-04-19,Mumbai,"Dr DY Patil Sports Academy, Mumbai",India
1304078,2022,2022-04-20,Mumbai,"Brabourne Stadium, Mumbai",India
1304079,2022,2022-04-21,Navi Mumbai,"Dr DY Patil Sports Academy, Mumbai",India
1304080,2022,2022-04-22,Mumbai,"Wankhede Stadium, Mumbai",India
1304081,2022,2022-04-23,Navi Mumbai,"Dr DY Patil Sports Academy, Mumbai",India
1304082,2022,2022-04-23,Mumbai,"Brabourne Stadium, Mumbai",India
1304083,2022,2022-04-24,Mumbai,"Wankhede Stadium, Mumbai",India
1304084,2022,2022-04-25,Mumbai,"Wankhede Stadium, Mumbai",India
1304085,2022,2022-04-26,Pune,"Maharashtra Cricket Association Stadium, Pune",India
1304086,2022,2022-04-27,Mumbai,"Wankhede Stadium, Mumbai",India
1304087,2022,2022-04-28,Mumbai,"Wankhede Stadium, Mumbai",India
1304088,2022,2022-04-29,Pune,"Maharashtra Cricket Association Stadium, Pune",India
1304089,2022,2022-04-30,Mumbai,"Brabourne Stadium, Mumbai",India
1304090,2022,2022-04-30,Navi Mumbai,"Dr DY Patil Sports Academy, Mumbai",India
1304091,2022,2022-05-01,Mumbai,"Wankhede Stadium, Mumbai",India
1304092,2022,2022-05-01,Pune,"Maharashtra Cricket Association Stadium, Pune",India
1304093,2022,2022-05-02,Mumbai,"Wankhede Stadium, Mumbai",India
1304094,2022,2022-05-03,Navi Mumbai,"Dr DY Patil Sports Academy, Mumbai",India
1304095,2022,2022-05-04,Pune,"Maharashtra Cricket Association Stadium, Pune",India
1304096,2022,2022-05-05,Mumbai,"Brabourne Stadium, Mumbai",India
1304097,2022,2022-05-06,Mumbai,"Brabourne Stadium, Mumbai",India
1304098,2022,2022-05-07,Mumbai,"Wankhede Stadium, Mumbai",India
1304099,2022,2022-05-07,Pune,"Maharashtra Cricket Association Stadium, Pune",India
1304100,2022,2022-05-08,Mumbai,"Wankhede Stadium, Mumbai",India
1304101,2022,2022-05-08,Navi Mumbai,"Dr DY Patil Sports Academy, Mumbai",India
1304102,2022,2022-05-09,Navi Mumbai,"Dr DY Patil Sports Academy, Mumbai",India
1304103,2022,2022-05-10,Pune,"Maharashtra Cricket Association Stadium, Pune",India
1304104,2022,2022-05-11,Navi Mumbai,"Dr DY Patil Sports Academy, Mumbai",India
1304105,2022,2022-05-12,Mumbai,"Wankhede Stadium, Mumbai",India
1304106,2022,2022-05-13,Mumbai,"Brabourne Stadium, Mumbai",India
1304107,2022,2022-05-14,Pune,"Maharashtra Cricket Association Stadium, Pune",India
1304108,2022,2022-05-15,Mumbai,"Wankhede Stadium, Mumbai",India
1304109,2022,2022-05-15,Mumbai,"Brabourne Stadium, Mumbai",India
1304110,2022,2022-05-16,Navi Mumbai,"Dr DY Patil Sports Academy, Mumbai",India
1304111,2022,2022-05-17,Mumbai,"Wankhede Stadium, Mumbai",India
1304112,2022,2022-05-18,Navi Mumbai,"Dr DY Patil Sports Academy, Mumbai",India
1304113,2022,2022-05-19,Mumbai,"Wankhede Stadium, Mumbai",India
1304114,2022,2022-05-20,Mumbai,"Brabourne Stadium, Mumbai",India
1304115,2022,2022-05-21,Mumbai,"Wankhede Stadium, Mumbai",India
1304116,2022,2022-05-22,Mumbai,"Wankhede Stadium, Mumbai",India
1312197,2022,2022-05-24,Kolkata,"Eden Gardens, Kolkata",India
1312198,2022,2022-05-25,Kolkata,"Eden Gardens, Kolkata",India
1312199,2022,2022-05-27,Ahmedabad,"Narendra Modi Stadium, Ahmedabad",India
1312200,2022,2022-05-29,Ahmedabad,"Narendra Modi Stadium, Ahmedabad",India
1359475,2023,2023-03-31,Ahmedabad,"Narendra Modi Stadium, Ahmedabad",India
1359476,2023,2023-04-01,Chandigarh,"Punjab Cricket Association IS Bindra Stadium, Mohali, Chandigarh",India
1359477,2023,2023-04-01,Lucknow,"Bharat Ratna Shri Atal Bihari Vajpayee Ekana Cricket Stadium, Lucknow",India
1359478,2023,2023-04-02,Hyderabad,"Rajiv Gandhi International Stadium, Uppal, Hyderabad",India
1359479,2023,2023-04-02,Bengaluru,"M Chinnaswamy Stadium, Bengaluru",India
1359480,2023,2023-04-03,Chennai,"MA Chidambaram Stadium, Chepauk, Chennai",India
1359481,2023,2023-04-04,Delhi,"Arun Jaitley Stadium, Delhi",India
1359482,2023,2023-04-05,Guwahati,"Barsapara Cricket Stadium, Guwahati",India
1359483,2023,2023-04-06,Kolkata,"Eden Gardens, Kolkata",India
1359484,2023,2023-04-07,Lucknow,"Bharat Ratna Shri Atal Bihari Vajpayee Ekana Cricket Stadium, Lucknow",India
1359485,2023,2023-04-08,Guwahati,"Barsapara Cricket Stadium, Guwahati",India
1359486,2023,2023-04-08,Mumbai,"Wankhede Stadium, Mumbai",India
1359487,2023,2023-04-09,Ahmedabad,"Narendra Modi Stadium, Ahmedabad",India
1359488,2023,2023-04-09,Hyderabad,"Rajiv Gandhi International Stadium, Uppal, Hyderabad",India
1359489,2023,2023-04-10,Bengaluru,"M Chinnaswamy Stadium, Bengaluru",India
1359490,2023,2023-04-11,Delhi,"Arun Jaitley Stadium, Delhi",India
1359491,2023,2023-04-12,Chennai,"MA Chidambaram Stadium, Chepauk, Chennai",India
1359492,2023,2023-04-13,Chandigarh,"Punjab Cricket Association IS Bindra Stadium, Mohali, Chandigarh",India
1359493,2023,2023-04-14,Kolkata,"Eden Gardens, Kolkata",India
1359494,2023,2023-04-15,Bengaluru,"M Chinnaswamy Stadium, Bengaluru",India
1359495,2023,2023-04-15,Lucknow,"Bharat Ratna Shri Atal Bihari Vajpayee Ekana Cricket Stadium, Lucknow",India
1359496,2023,2023-04-16,Mumbai,"Wankhede Stadium, Mumbai",India
1359497,2023,2023-04-16,Ahmedabad,"Narendra Modi Stadium, Ahmedabad",India
1359498,2023,2023-04-17,Bengaluru,"M Chinnaswamy Stadium, Bengaluru",India
1359499,2023,2023-04-18,Hyderabad,"Rajiv Gandhi International Stadium, Uppal, Hyderabad",India
1359500,2023,2023-04-19,Jaipur,"Sawai Mansingh Stadium, Jaipur",India
1359501,2023,2023-04-20,Chandigarh,"Punjab Cricket Association IS Bindra Stadium, Mohali, Chandigarh",India
1359502,2023,2023-04-20,Delhi,"Arun Jaitley Stadium, Delhi",India
1359503,2023,2023-04-21,Chennai,"MA Chidambaram Stadium, Chepauk, Chennai",India
1359504,2023,2023-04-22,Lucknow,"Bharat Ratna Shri Atal Bihari Vajpayee Ekana Cricket Stadium, Lucknow",India
1359505,2023,2023-04-22,Mumbai,"Wankhede Stadium, Mumbai",India
1359506,2023,2023-04-23,Bengaluru,"M Chinnaswamy Stadium, Bengaluru",India
1359507,2023,2023-04-23,Kolkata,"Eden Gardens, Kolkata",India
1359508,2023,2023-04-24,Hyderabad,"Rajiv Gandhi International Stadium, Uppal, Hyderabad",India
1359509,2023,2023-04-25,Ahmedabad,"Narendra Modi Stadium, Ahmedabad",India
1359510,2023,2023-04-26,Bengaluru,"M Chinnaswamy Stadium, Bengaluru",India
1359511,2023,2023-04-27,Jaipur,"Sawai Mansingh Stadium, Jaipur",India
1359512,2023,2023-04-28,Chandigarh,"Punjab Cricket Association IS Bindra Stadium, Mohali, Chandigarh",India
1359513,2023,2023-04-29,Kolkata,"Eden Gardens, Kolkata",India
1359514,2023,2023-04-29,Delhi,"Arun Jaitley Stadium, Delhi",India
1359515,2023,2023-04-30,Chennai,"MA Chidambaram Stadium, Chepauk, Chennai",India
1359516,2023,2023-04-30,Mumbai,"Wankhede Stadium, Mumbai",India
1359517,2023,2023-05-01,Lucknow,"Bharat Ratna Shri Atal Bihari Vajpayee Ekana Cricket Stadium, Lucknow",India
1359518,2023,2023-05-02,Ahmedabad,"Narendra Modi Stadium, Ahmedabad",India
1359519,2023,2023-05-03,Lucknow,"Bharat Ratna Shri Atal Bihari Vajpayee Ekana Cricket Stadium, Lucknow",India
1359520,2023,2023-05-03,Chandigarh,"Punjab Cricket Association IS Bindra Stadium, Mohali, Chandigarh",India
1359521,2023,2023-05-04,Hyderabad,"Rajiv Gandhi International Stadium, Uppal, Hyderabad",India
1359522,2023,2023-05-05,Jaipur,"Sawai Mansingh Stadium, Jaipur",India
1359523,2023,2023-05-06,Chennai,"MA Chidambaram Stadium, Chepauk, Chennai",India
1359524,2023,2023-05-06,Delhi,"Arun Jaitley Stadium, Delhi",India
1359525,2023,2023-05-07,Ahmedabad,"Narendra Modi Stadium, Ahmedabad",India
1359526,2023,2023-05-07,Jaipur,"Sawai Mansingh Stadium, Jaipur",India
1359527,2023,2023-05-08,Kolkata,"Eden Gardens, Kolkata",India
1359528,2023,2023-05-09,Mumbai,"Wankhede Stadium, Mumbai",India
1359529,2023,2023-05-10,Chennai,"MA Chidambaram Stadium, Chepauk, Chennai",India
1359530,2023,2023-05-11,Kolkata,"Eden Gardens, Kolkata",India
1359531,2023,2023-05-12,Mumbai,"Wankhede Stadium, Mumbai",India
1359532,2023,2023-05-13,Hyderabad,"Rajiv Gandhi International Stadium, Uppal, Hyderabad",India
1359533,2023,2023-05-13,Delhi,"Arun Jaitley Stadium, Delhi",India
1359534,2023,2023-05-14,Jaipur,"Sawai Mansingh Stadium, Jaipur",India
1359535,2023,2023-05-14,Chennai,"MA Chidambaram Stadium, Chepauk, Chennai",India
1359536,2023,2023-05-15,Ahmedabad,"Narendra Modi Stadium, Ahmedabad",India
1359537,2023,2023-05-16,Lucknow,"Bharat Ratna Shri Atal Bihari Vajpayee Ekana Cricket Stadium, Lucknow",India
1359538,2023,2023-05-17,Dharamsala,"Himachal Pradesh Cricket Association Stadium, Dharamsala",India
1359539,2023,2023-05-18,Hyderabad,"Rajiv Gandhi International Stadium, Uppal, Hyderabad",India
1359540,2023,2023-05-19,Dharamsala,"Himachal Pradesh Cricket Association Stadium, Dharamsala",India
1359541,2023,2023-05-20,Delhi,"Arun Jaitley Stadium, Delhi",India
1359542,2023,2023-05-20,Kolkata,"Eden Gardens, Kolkata",India
1359543,2023,2023-05-21,Mumbai,"Wankhede Stadium, Mumbai",India
1359544,2023,2023-05-21,Bengaluru,"M Chinnaswamy Stadium, Bengaluru",India
1370350,2023,2023-05-23,Chennai,"MA Chidambaram Stadium, Chepauk, Chennai",India
1370351,2023,2023-05-24,Chennai,"MA Chidambaram Stadium, Chepauk, Chennai",India
1370352,2023,2023-05-26,Ahmedabad,"Narendra Modi Stadium, Ahmedabad",India
1370353,2023,2023-05-29,Ahmedabad,"Narendra Modi Stadium, Ahmedabad",India
1422119,2024,2024-03-22,Chennai,"MA Chidambaram Stadium, Chepauk, Chennai",India
1422120,2024,2024-03-23,Mohali,"Maharaja Yadavindra Singh International Cricket Stadium, Mullanpur",India
1422121,2024,2024-03-23,Kolkata,"Eden Gardens, Kolkata",India
1422122,2024,2024-03-24,Jaipur,"Sawai Mansingh Stadium, Jaipur",India
1422123,2024,2024-03-24,Ahmedabad,"Narendra Modi Stadium, Ahmedabad",India
1422124,2024,2024-03-25,Bengaluru,"M Chinnaswamy Stadium, Bengaluru",India
1422125,2024,2024-03-26,Chennai,"MA Chidambaram Stadium, Chepauk, Chennai",India
1422126,2024,2024-03-27,Hyderabad,"Rajiv Gandhi International Stadium, Uppal, Hyderabad",India
1422127,2024,2024-03-28,Jaipur,"Sawai Mansingh Stadium, Jaipur",India
1422128,2024,2024-03-29,Bengaluru,"M Chinnaswamy Stadium, Bengaluru",India
1422129,2024,2024-03-30,Lucknow,"Bharat Ratna Shri Atal Bihari Vajpayee Ekana Cricket Stadium, Lucknow",India
1422130,2024,2024-03-31,Ahmedabad,"Narendra Modi Stadium, Ahmedabad",India
1422131,2024,2024-03-31,Visakhapatnam,"Dr. Y.S. Rajasekhara Reddy ACA-VDCA Cricket Stadium, Visakhapatnam",India
1422132,2024,2024-04-01,Mumbai,"Wankhede Stadium, Mumbai",India
1422133,2024,2024-04-02,Bengaluru,"M Chinnaswamy Stadium, Bengaluru",India
1422134,2024,2024-04-03,Visakhapatnam,"Dr. Y.S. Rajasekhara Reddy ACA-VDCA Cricket Stadium, Visakhapatnam",India
1422135,2024,2024-04-04,Ahmedabad,"Narendra Modi Stadium, Ahmedabad",India
1422136,2024,2024-04-05,Hyderabad,"Rajiv Gandhi International Stadium, Uppal, Hyderabad",India
1422137,2024,2024-04-06,Jaipur,"Sawai Mansingh Stadium, Jaipur",India
1422138,2024,2024-04-07,Mumbai,"Wankhede Stadium, Mumbai",India
1422139,2024,2024-04-07,Lucknow,"Bharat Ratna Shri Atal Bihari Vajpayee Ekana Cricket Stadium, Lucknow",India
1426260,2024,2024-04-08,Chennai,"MA Chidambaram Stadium, Chepauk, Chennai",India
1426261,2024,2024-04-09,Mohali,"Maharaja Yadavindra Singh International Cricket Stadium, Mullanpur",India
1426262,2024,2024-04-10,Jaipur,"Sawai Mansingh Stadium, Jaipur",India
1426263,2024,2024-04-11,Mumbai,"Wankhede Stadium, Mumbai",India
1426264,2024,2024-04-12,Lucknow,"Bharat Ratna Shri Atal Bihari Vajpayee Ekana Cricket Stadium, Lucknow",India
1426265,2024,2024-04-13,Mohali,"Maharaja Yadavindra Singh International Cricket Stadium, Mullanpur",India
1426266,2024,2024-04-14,Kolkata,"Eden Gardens, Kolkata",India
1426267,2024,2024-04-14,Mumbai,"Wankhede Stadium, Mumbai",India
1426268,2024,2024-04-15,Bengaluru,"M Chinnaswamy Stadium, Bengaluru",India
1426269,2024,2024-04-16,Kolkata,"Eden Gardens, Kolkata",India
1426270,2024,2024-04-17,Ahmedabad,"Narendra Modi Stadium, Ahmedabad",India
1426271,2024,2024-04-18,Mohali,"Maharaja Yadavindra Singh International Cricket Stadium, Mullanpur",India
1426272,2024,2024-04-19,Lucknow,"Bharat Ratna Shri Atal Bihari Vajpayee Ekana Cricket Stadium, Lucknow",India
1426273,2024,2024-04-20,Delhi,"Arun Jaitley Stadium, Delhi",India
1426274,2024,2024-04-21,Kolkata,"Eden Gardens, Kolkata",India
1426275,2024,2024-04-21,Mohali,"Maharaja Yadavindra Singh International Cricket Stadium, Mullanpur",India
1426276,2024,2024-04-22,Jaipur,"Sawai Mansingh Stadium, Jaipur",India
1426277,2024,2024-04-23,Chennai,"MA Chidambaram Stadium, Chepauk, Chennai",India
1426278,2024,2024-04-24,Delhi,"Arun Jaitley Stadium, Delhi",India
1426279,2024,2024-04-25,Hyderabad,"Rajiv Gandhi International Stadium, Uppal, Hyderabad",India
1426280,2024,2024-04-26,Kolkata,"Eden Gardens, Kolkata",India
1426281,2024,2024-04-27,Delhi,"Arun Jaitley Stadium, Delhi",India
1426282,2024,2024-04-27,Lucknow,"Bharat Ratna Shri Atal Bihari Vajpayee Ekana Cricket Stadium, Lucknow",India
1426283,2024,2024-04-28,Ahmedabad,"Narendra Modi Stadium, Ahmedabad",India
1426284,2024,2024-04-28,Chennai,"MA Chidambaram Stadium, Chepauk, Chennai",India
1426285,2024,2024-04-29,Kolkata,"Eden Gardens, Kolkata",India
1426286,2024,2024-04-30,Lucknow,"Bharat Ratna Shri Atal Bihari Vajpayee Ekana Cricket Stadium, Lucknow",India
1426287,2024,2024-05-01,Chennai,"MA Chidambaram Stadium, Chepauk, Chennai",India
1426288,2024,2024-05-02,Hyderabad,"Rajiv Gandhi International Stadium, Uppal, Hyderabad",India
1426289,2024,2024-05-03,Mumbai,"Wankhede Stadium, Mumbai",India
1426290,2024,2024-05-04,Bengaluru,"M Chinnaswamy Stadium, Bengaluru",India
1426291,2024,2024-05-05,Dharamsala,"Himachal Pradesh Cricket Association Stadium, Dharamsala",India
1426292,2024,2024-05-05,Lucknow,"Bharat Ratna Shri Atal Bihari Vajpayee Ekana Cricket Stadium, Lucknow",India
1426293,2024,2024-05-06,Mumbai,"Wankhede Stadium, Mumbai",India
1426294,2024,2024-05-07,Delhi,"Arun Jaitley Stadium, Delhi",India
1426295,2024,2024-05-08,Hyderabad,"Rajiv Gandhi International Stadium, Uppal, Hyderabad",India
1426296,2024,2024-05-09,Dharamsala,"Himachal Pradesh Cricket Association Stadium, Dharamsala",India
1426297,2024,2024-05-10,Ahmedabad,"Narendra Modi Stadium, Ahmedabad",India
1426298,2024,2024-05-11,Kolkata,"Eden Gardens, Kolkata",India
1426299,2024,2024-05-12,Chennai,"MA Chidambaram Stadium, Chepauk, Chennai",India
1426300,2024,2024-05-12,Bengaluru,"M Chinnaswamy Stadium, Bengaluru",India
1426302,2024,2024-05-14,Delhi,"Arun Jaitley Stadium, Delhi",India
1426303,2024,2024-05-15,Guwahati,"Barsapara Cricket Stadium, Guwahati",India
1426305,2024,2024-05-17,Mumbai,"Wankhede Stadium, Mumbai",India
1426306,2024,2024-05-18,Bengaluru,"M Chinnaswamy Stadium, Bengaluru",India
1426307,2024,2024-05-19,Hyderabad,"Rajiv Gandhi International Stadium, Uppal, Hyderabad",India
1426309,2024,2024-05-21,Ahmedabad,"Narendra Modi Stadium, Ahmedabad",India
1426310,2024,2024-05-22,Ahmedabad,"Narendra Modi Stadium, Ahmedabad",India
1426311,2024,2024-05-24,Chennai,"MA Chidambaram Stadium, Chepauk, Chennai",India
1426312,2024,2024-05-26,Chennai,"MA Chidambaram Stadium, Chepauk, Chennai",India
1473438,2025,2025-03-22,Kolkata,"Eden Gardens, Kolkata",India
1473439,2025,2025-03-23,Hyderabad,"Rajiv Gandhi International Stadium, Uppal, Hyderabad",India
1473440,2025,2025-03-23,Chennai,"MA Chidambaram Stadium, Chepauk, Chennai",India
1473441,2025,2025-03-24,Visakhapatnam,"Dr. Y.S. Rajasekhara Reddy ACA-VDCA Cricket Stadium, Visakhapatnam",India
1473442,2025,2025-03-25,Ahmedabad,"Narendra Modi Stadium, Ahmedabad",India
1473443,2025,2025-03-26,Guwahati,"Barsapara Cricket Stadium, Guwahati",India
1473444,2025,2025-03-27,Hyderabad,"Rajiv Gandhi International Stadium, Uppal, Hyderabad",India
1473445,2025,2025-03-28,Chennai,"MA Chidambaram Stadium, Chepauk, Chennai",India
335983,2008,2008-04-19,Chandigarh,"Punjab Cricket Association Stadium, Mohali",India
335984,2008,2008-04-19,Delhi,Feroz Shah Kotla,India
335985,2008,2008-04-20,Mumbai,Wankhede Stadium,India
335986,2008,2008-04-20,Kolkata,Eden Gardens,India
335987,2008,2008-04-21,Jaipur,Sawai Mansingh Stadium,India
335988,2008,2008-04-22,Hyderabad,"Rajiv Gandhi International Stadium, Uppal",India
335989,2008,2008-04-23,Chennai,"MA Chidambaram Stadium, Chepauk",India
335990,2008,2008-04-24,Hyderabad,"Rajiv Gandhi International Stadium, Uppal",India
335991,2008,2008-04-25,Chandigarh,"Punjab Cricket Association Stadium, Mohali",India
335992,2008,2008-04-26,Bangalore,M Chinnaswamy Stadium,India
335993,2008,2008-04-26,Chennai,"MA Chidambaram Stadium, Chepauk",India
335994,2008,2008-04-27,Mumbai,Dr DY Patil Sports Academy,India
335995,2008,2008-04-27,Chandigarh,"Punjab Cricket Association Stadium, Mohali",India
335996,2008,2008-04-28,Bangalore,M Chinnaswamy Stadium,India
335997,2008,2008-04-29,Kolkata,Eden Gardens,India
335998,2008,2008-04-30,Delhi,Feroz Shah Kotla,India
335999,2008,2008-05-01,Hyderabad,"Rajiv Gandhi International Stadium, Uppal",India
336000,2008,2008-05-01,Jaipur,Sawai Mansingh Stadium,India
336001,2008,2008-05-02,Chennai,"MA Chidambaram Stadium, Chepauk",India
336002,2008,2008-05-25,Hyderabad,"Rajiv Gandhi International Stadium, Uppal",India
336003,2008,2008-05-03,Chandigarh,"Punjab Cricket Association Stadium, Mohali",India
336004,2008,2008-05-04,Mumbai,Dr DY Patil Sports Academy,India
336005,2008,2008-05-04,Jaipur,Sawai Mansingh Stadium,India
336006,2008,2008-05-05,Bangalore,M Chinnaswamy Stadium,India
336007,2008,2008-05-06,Chennai,"MA Chidambaram Stadium, Chepauk",India
336008,2008,2008-05-07,Mumbai,Dr DY Patil Sports Academy,India
336009,2008,2008-05-08,Delhi,Feroz Shah Kotla,India
336010,2008,2008-05-08,Kolkata,Eden Gardens,India
336011,2008,2008-05-09,Jaipur,Sawai Mansingh Stadium,India
336012,2008,2008-05-28,Bangalore,M Chinnaswamy Stadium,India
336013,2008,2008-05-10,Chennai,"MA Chidambaram Stadium, Chepauk",India
336014,2008,2008-05-11,Hyderabad,"Rajiv Gandhi International Stadium, Uppal",India
336015,2008,2008-05-11,Jaipur,Sawai Mansingh Stadium,India
336016,2008,2008-05-12,Chandigarh,"Punjab Cricket Association Stadium, Mohali",India
336017,2008,2008-05-13,Kolkata,Eden Gardens,India
336018,2008,2008-05-14,Mumbai,Wankhede Stadium,India
336019,2008,2008-05-28,Chandigarh,"Punjab Cricket Association Stadium, Mohali",India
336020,2008,2008-05-15,Delhi,Feroz Shah Kotla,India
336021,2008,2008-05-16,Mumbai,Wankhede Stadium,India
336022,2008,2008-05-17,Delhi,Feroz Shah Kotla,India
336023,2008,2008-05-17,Jaipur,Sawai Mansingh Stadium,India
336024,2008,2008-05-18,Hyderabad,"Rajiv Gandhi International Stadium, Uppal",India
336025,2008,2008-05-18,Kolkata,Eden Gardens,India
336026,2008,2008-05-19,Bangalore,M Chinnaswamy Stadium,India
336027,2008,2008-05-20,Kolkata,Eden Gardens,India
336028,2008,2008-05-21,Mumbai,Wankhede Stadium,India
336029,2008,2008-05-21,Chennai,"MA Chidambaram Stadium, Chepauk",India
336031,2008,2008-05-23,Chandigarh,"Punjab Cricket Association Stadium, Mohali",India
336032,2008,2008-05-24,Delhi,Feroz Shah Kotla,India
336033,2008,2008-05-24,Chennai,"MA Chidambaram Stadium, Chepauk",India
336034,2008,2008-05-03,Bangalore,M Chinnaswamy Stadium,India
336035,2008,2008-05-25,Kolkata,Eden Gardens,India
336036,2008,2008-05-26,Jaipur,Sawai Mansingh Stadium,India
336037,2008,2008-05-27,Hyderabad,"Rajiv Gandhi International Stadium, Uppal",India
336038,2008,2008-05-30,Mumbai,Wankhede Stadium,India
336039,2008,2008-05-31,Mumbai,Wankhede Stadium,India
336040,2008,2008-06-01,Mumbai,Dr DY Patil Sports Academy,India
392181,2009,2009-04-18,Cape Town,Newlands,Overseas
392182,2009,2009-04-18,Cape Town,Newlands,Overseas
392183,2009,2009-04-19,Cape Town,Newlands,Overseas
392184,2009,2009-04-19,Cape Town,Newlands,Overseas
392185,2009,2009-04-20,Port Elizabeth,St George's Park,Overseas
392186,2009,2009-04-21,Durban,Kingsmead,Overseas
392188,2009,2009-04-22,Cape Town,Newlands,Overseas
392189,2009,2009-04-23,Durban,Kingsmead,Overseas
392190,2009,2009-04-23,Cape Town,Newlands,Overseas
392191,2009,2009-04-24,Durban,Kingsmead,Overseas
392192,2009,2009-04-25,Durban,Kingsmead,Overseas
392194,2009,2009-04-26,Port Elizabeth,St George's Park,Overseas
392195,2009,2009-04-26,Cape Town,Newlands,Overseas
392196,2009,2009-04-27,Durban,Kingsmead,Overseas
392197,2009,2009-04-27,Port Elizabeth,St George's Park,Overseas
392198,2009,2009-04-28,Centurion,SuperSport Park,Overseas
392199,2009,2009-04-29,Durban,Kingsmead,Overseas
392200,2009,2009-04-29,Durban,Kingsmead,Overseas
392201,2009,2009-04-30,Centurion,SuperSport Park,Overseas
392202,2009,2009-04-30,Centurion,SuperSport Park,Overseas
392203,2009,2009-05-01,East London,Buffalo Park,Overseas
392204,2009,2009-05-01,Durban,Kingsmead,Overseas
392205,2009,2009-05-02,Port Elizabeth,St George's Park,Overseas
392206,2009,2009-05-02,Johannesburg,New Wanderers Stadium,Overseas
392207,2009,2009-05-03,Port Elizabeth,St George's Park,Overseas
392208,2009,2009-05-03,Johannesburg,New Wanderers Stadium,Overseas
392209,2009,2009-05-04,East London,Buffalo Park,Overseas
392210,2009,2009-05-05,Durban,Kingsmead,Overseas
392211,2009,2009-05-05,Durban,Kingsmead,Overseas
392212,2009,2009-05-06,Centurion,SuperSport Park,Overseas
392213,2009,2009-05-07,Centurion,SuperSport Park,Overseas
392214,2009,2009-05-07,Centurion,SuperSport Park,Overseas
392215,2009,2009-05-08,East London,Buffalo Park,Overseas
392216,2009,2009-05-09,Kimberley,De Beers Diamond Oval,Overseas
392217,2009,2009-05-09,Kimberley,De Beers Diamond Oval,Overseas
392218,2009,2009-05-10,Port Elizabeth,St George's Park,Overseas
392219,2009,2009-05-10,Johannesburg,New Wanderers Stadium,Overseas
392220,2009,2009-05-11,Kimberley,De Beers Diamond Oval,Overseas
392221,2009,2009-05-12,Centurion,SuperSport Park,Overseas
392222,2009,2009-05-12,Centurion,SuperSport Park,Overseas
392223,2009,2009-05-13,Durban,Kingsmead,Overseas
392224,2009,2009-05-14,Durban,Kingsmead,Overseas
392225,2009,2009-05-14,Durban,Kingsmead,Overseas
392226,2009,2009-05-15,Bloemfontein,OUTsurance Oval,Overseas
392227,2009,2009-05-16,Port Elizabeth,St George's Park,Overseas
392228,2009,2009-05-16,Johannesburg,New Wanderers Stadium,Overseas
392229,2009,2009-05-17,Johannesburg,New Wanderers Stadium,Overseas
392230,2009,2009-05-17,Bloemfontein,OUTsurance Oval,Overseas
392231,2009,2009-05-18,Centurion,SuperSport Park,Overseas
392232,2009,2009-05-19,Johannesburg,New Wanderers Stadium,Overseas
392233,2009,2009-05-20,Durban,Kingsmead,Overseas
392234,2009,2009-05-20,Durban,Kingsmead,Overseas
392235,2009,2009-05-21,Centurion,SuperSport Park,Overseas
392236,2009,2009-05-21,Centurion,SuperSport Park,Overseas
392237,2009,2009-05-22,Centurion,SuperSport Park,Overseas
392238,2009,2009-05-23,Johannesburg,New Wanderers Stadium,Overseas
392239,2009,2009-05-24,Johannesburg,New Wanderers Stadium,Overseas
419106,2010,2010-03-12,Mumbai,Dr DY Patil Sports Academy,India
419107,2010,2010-03-13,Mumbai,Brabourne Stadium,India
419108,2010,2010-03-13,Chandigarh,"Punjab Cricket Association Stadium, Mohali",India
419109,2010,2010-03-14,Kolkata,Eden Gardens,India
419110,2010,2010-03-14,Chennai,"MA Chidambaram Stadium, Chepauk",India
419111,2010,2010-03-15,Ahmedabad,"Sardar Patel Stadium, Motera",India
419112,2010,2010-03-16,Bangalore,M Chinnaswamy Stadium,India
419113,2010,2010-03-16,Kolkata,Eden Gardens,India
419114,2010,2010-03-17,Delhi,Feroz Shah Kotla,India
419115,2010,2010-03-18,Bangalore,M Chinnaswamy Stadium,India
419116,2010,2010-03-19,Delhi,Feroz Shah Kotla,India
419117,2010,2010-03-19,Cuttack,Barabati Stadium,India
419118,2010,2010-03-20,Ahmedabad,"Sardar Patel Stadium, Motera",India
419119,2010,2010-03-20,Mumbai,Brabourne Stadium,India
419120,2010,2010-03-21,Cuttack,Barabati Stadium,India
419121,2010,2010-03-21,Chennai,"MA Chidambaram Stadium, Chepauk",India
419122,2010,2010-03-22,Mumbai,Brabourne Stadium,India
419123,2010,2010-03-23,Bangalore,M Chinnaswamy Stadium,India
419124,2010,2010-03-24,Chandigarh,"Punjab Cricket Association Stadium, Mohali",India
419125,2010,2010-03-25,Mumbai,"Brabourne Stadium, Mumbai",India
419126,2010,2010-03-26,Ahmedabad,"Sardar Patel Stadium, Motera",India
419127,2010,2010-03-27,Chandigarh,"Punjab Cricket Association Stadium, Mohali",India
419128,2010,2010-03-25,Bangalore,M Chinnaswamy Stadium,India
419129,2010,2010-03-28,Ahmedabad,"Sardar Patel Stadium, Motera",India
419130,2010,2010-03-28,Mumbai,Dr DY Patil Sports Academy,India
419131,2010,2010-03-29,Delhi,Feroz Shah Kotla,India
419132,2010,2010-03-30,Mumbai,Brabourne Stadium,India
419133,2010,2010-03-31,Chennai,"MA Chidambaram Stadium, Chepauk",India
419134,2010,2010-03-31,Delhi,Feroz Shah Kotla,India
419135,2010,2010-04-01,Kolkata,Eden Gardens,India
419136,2010,2010-04-02,Chandigarh,"Punjab Cricket Association Stadium, Mohali",India
419137,2010,2010-04-03,Chennai,"MA Chidambaram Stadium, Chepauk",India
419138,2010,2010-04-03,Mumbai,Brabourne Stadium,India
419139,2010,2010-04-04,Kolkata,Eden Gardens,India
419140,2010,2010-04-04,Delhi,Feroz Shah Kotla,India
419141,2010,2010-04-05,Nagpur,"Vidarbha Cricket Association Stadium, Jamtha",India
419142,2010,2010-04-06,Chennai,"MA Chidambaram Stadium, Chepauk",India
419143,2010,2010-04-07,Jaipur,Sawai Mansingh Stadium,India
419144,2010,2010-04-07,Kolkata,Eden Gardens,India
419145,2010,2010-04-08,Bangalore,M Chinnaswamy Stadium,India
419146,2010,2010-04-09,Chandigarh,"Punjab Cricket Association Stadium, Mohali",India
419147,2010,2010-04-10,Nagpur,"Vidarbha Cricket Association Stadium, Jamtha",India
419148,2010,2010-04-10,Bangalore,M Chinnaswamy Stadium,India
419149,2010,2010-04-11,Delhi,Feroz Shah Kotla,India
419150,2010,2010-04-11,Jaipur,Sawai Mansingh Stadium,India
419151,2010,2010-04-12,Nagpur,"Vidarbha Cricket Association Stadium, Jamtha",India
419152,2010,2010-04-13,Mumbai,Brabourne Stadium,India
419153,2010,2010-04-13,Chennai,"MA Chidambaram Stadium, Chepauk",India
419154,2010,2010-04-14,Jaipur,Sawai Mansingh Stadium,India
419155,2010,2010-04-15,Chennai,"MA Chidambaram Stadium, Chepauk",India
419156,2010,2010-04-16,Dharamsala,Himachal Pradesh Cricket Association Stadium,India
419157,2010,2010-04-17,Bangalore,M Chinnaswamy Stadium,India
419158,2010,2010-04-17,Kolkata,Eden Gardens,India
419159,2010,2010-04-18,Dharamsala,Himachal Pradesh Cricket Association Stadium,India
419160,2010,2010-04-18,Delhi,Feroz Shah Kotla,India
419161,2010,2010-04-19,Kolkata,Eden Gardens,India
419162,2010,2010-04-21,Mumbai,Dr DY Patil Sports Academy,India
419163,2010,2010-04-22,Mumbai,Dr DY Patil Sports Academy,India
419164,2010,2010-04-24,Mumbai,Dr DY Patil Sports Academy,India
419165,2010,2010-04-25,Mumbai,Dr DY Patil Sports Academy,India
501198,2011,2011-04-08,Chennai,"MA Chidambaram Stadium, Chepauk",India
501199,2011,2011-04-09,Hyderabad,"Rajiv Gandhi International Stadium, Uppal",India
501200,2011,2011-04-09,Kochi,Nehru Stadium,India
501201,2011,2011-04-10,Delhi,Feroz Shah Kotla,India
501202,2011,2011-04-10,Mumbai,Dr DY Patil Sports Academy,India
501203,2011,2011-04-11,Kolkata,Eden Gardens,India
501204,2011,2011-04-12,Jaipur,Sawai Mansingh Stadium,India
501205,2011,2011-04-12,Bangalore,M Chinnaswamy Stadium,India
501206,2011,2011-04-13,Chandigarh,"Punjab Cricket Association Stadium, Mohali",India
501207,2011,2011-04-13,Mumbai,Dr DY Patil Sports Academy,India
501208,2011,2011-04-14,Hyderabad,"Rajiv Gandhi International Stadium, Uppal",India
501209,2011,2011-04-15,Jaipur,Sawai Mansingh Stadium,India
501210,2011,2011-04-15,Mumbai,Wankhede Stadium,India
501211,2011,2011-04-16,Chennai,"MA Chidambaram Stadium, Chepauk",India
501212,2011,2011-04-16,Hyderabad,"Rajiv Gandhi International Stadium, Uppal",India
501213,2011,2011-04-17,Mumbai,Dr DY Patil Sports Academy,India
501214,2011,2011-04-17,Kolkata,Eden Gardens,India
501215,2011,2011-04-18,Kochi,Nehru Stadium,India
501216,2011,2011-04-19,Delhi,Feroz Shah Kotla,India
501218,2011,2011-04-20,Mumbai,Wankhede Stadium,India
501219,2011,2011-04-20,Kolkata,Eden Gardens,India
501220,2011,2011-04-21,Chandigarh,"Punjab Cricket Association Stadium, Mohali",India
501221,2011,2011-04-22,Mumbai,Wankhede Stadium,India
501222,2011,2011-04-22,Kolkata,Eden Gardens,India
501223,2011,2011-04-23,Delhi,Feroz Shah Kotla,India
501224,2011,2011-04-24,Hyderabad,"Rajiv Gandhi International Stadium, Uppal",India
501225,2011,2011-04-24,Jaipur,Sawai Mansingh Stadium,India
501226,2011,2011-04-25,Chennai,"MA Chidambaram Stadium, Chepauk",India
501227,2011,2011-04-26,Delhi,Feroz Shah Kotla,India
501228,2011,2011-04-27,Mumbai,Dr DY Patil Sports Academy,India
501229,2011,2011-04-27,Kochi,Nehru Stadium,India
501230,2011,2011-04-28,Delhi,Feroz Shah Kotla,India
501231,2011,2011-04-29,Jaipur,Sawai Mansingh Stadium,India
501232,2011,2011-04-29,Bangalore,M Chinnaswamy Stadium,India
501233,2011,2011-04-30,Kochi,Nehru Stadium,India
501234,2011,2011-04-30,Kolkata,Eden Gardens,India
501235,2011,2011-05-01,Jaipur,Sawai Mansingh Stadium,India
501236,2011,2011-05-01,Chennai,"MA Chidambaram Stadium, Chepauk",India
501237,2011,2011-05-02,Mumbai,Wankhede Stadium,India
501238,2011,2011-05-02,Delhi,Feroz Shah Kotla,India
501239,2011,2011-05-03,Hyderabad,"Rajiv Gandhi International Stadium, Uppal",India
501240,2011,2011-05-04,Chennai,"MA Chidambaram Stadium, Chepauk",India
501241,2011,2011-05-04,Mumbai,Dr DY Patil Sports Academy,India
501242,2011,2011-05-05,Kochi,Nehru Stadium,India
501243,2011,2011-05-05,Hyderabad,"Rajiv Gandhi International Stadium, Uppal",India
501244,2011,2011-05-06,Bangalore,M Chinnaswamy Stadium,India
501245,2011,2011-05-07,Kolkata,Eden Gardens,India
501246,2011,2011-05-07,Mumbai,Wankhede Stadium,India
501247,2011,2011-05-08,Bangalore,M Chinnaswamy Stadium,India
501248,2011,2011-05-08,Chandigarh,"Punjab Cricket Association Stadium, Mohali",India
501249,2011,2011-05-09,Jaipur,Sawai Mansingh Stadium,India
501250,2011,2011-05-10,Hyderabad,"Rajiv Gandhi International Stadium, Uppal",India
501251,2011,2011-05-10,Chandigarh,"Punjab Cricket Association Stadium, Mohali",India
501252,2011,2011-05-11,Jaipur,Sawai Mansingh Stadium,India
501253,2011,2011-05-12,Chennai,"MA Chidambaram Stadium, Chepauk",India
501254,2011,2011-05-13,Indore,Holkar Cricket Stadium,India
501255,2011,2011-05-14,Bangalore,M Chinnaswamy Stadium,India
501256,2011,2011-05-14,Mumbai,Wankhede Stadium,India
501257,2011,2011-05-15,Dharamsala,Himachal Pradesh Cricket Association Stadium,India
501258,2011,2011-05-15,Indore,Holkar Cricket Stadium,India
501259,2011,2011-05-16,Mumbai,Dr DY Patil Sports Academy,India
501260,2011,2011-05-17,Dharamsala,Himachal Pradesh Cricket Association Stadium,India
501261,2011,2011-05-18,Chennai,"MA Chidambaram Stadium, Chepauk",India
501262,2011,2011-05-19,Mumbai,Dr DY Patil Sports Academy,India
501263,2011,2011-05-20,Mumbai,Wankhede Stadium,India
501264,2011,2011-05-21,Dharamsala,Himachal Pradesh Cricket Association Stadium,India
501265,2011,2011-05-21,Delhi,Feroz Shah Kotla,India
501266,2011,2011-05-22,Bangalore,M Chinnaswamy Stadium,India
501267,2011,2011-05-22,Kolkata,Eden Gardens,India
501268,2011,2011-05-24,Mumbai,Wankhede Stadium,India
501269,2011,2011-05-25,Mumbai,Wankhede Stadium,India
501270,2011,2011-05-27,Chennai,"MA Chidambaram Stadium, Chepauk",India
501271,2011,2011-05-28,Chennai,"MA Chidambaram Stadium, Chepauk",India
548306,2012,2012-04-04,Chennai,"MA Chidambaram Stadium, Chepauk",India
548307,2012,2012-04-05,Kolkata,Eden Gardens,India
548308,2012,2012-04-06,Mumbai,Wankhede Stadium,India
548309,2012,2012-04-06,Jaipur,Sawai Mansingh Stadium,India
548310,2012,2012-04-07,Bangalore,M Chinnaswamy Stadium,India
548311,2012,2012-04-07,Visakhapatnam,Dr. Y.S. Rajasekhara Reddy ACA-VDCA Cricket Stadium,India
548312,2012,2012-04-08,Jaipur,Sawai Mansingh Stadium,India
548313,2012,2012-04-08,Pune,Subrata Roy Sahara Stadium,India
548314,2012,2012-04-09,Visakhapatnam,Dr. Y.S. Rajasekhara Reddy ACA-VDCA Cricket Stadium,India
548315,2012,2012-04-10,Bangalore,M Chinnaswamy Stadium,India
548316,2012,2012-04-10,Delhi,Feroz Shah Kotla,India
548317,2012,2012-04-11,Mumbai,Wankhede Stadium,India
548318,2012,2012-04-12,Chennai,"MA Chidambaram Stadium, Chepauk",India
548319,2012,2012-04-12,Chandigarh,"Punjab Cricket Association Stadium, Mohali",India
548320,2012,2012-04-13,Kolkata,Eden Gardens,India
548321,2012,2012-04-19,Delhi,Feroz Shah Kotla,India
548322,2012,2012-04-14,Pune,Subrata Roy Sahara Stadium,India
548323,2012,2012-04-15,Kolkata,Eden Gardens,India
548324,2012,2012-04-15,Bangalore,M Chinnaswamy Stadium,India
548325,2012,2012-04-16,Mumbai,Wankhede Stadium,India
548326,2012,2012-04-17,Jaipur,Sawai Mansingh Stadium,India
548327,2012,2012-04-17,Bangalore,M Chinnaswamy Stadium,India
548328,2012,2012-04-18,Chandigarh,"Punjab Cricket Association Stadium, Mohali",India
548329,2012,2012-05-10,Hyderabad,"Rajiv Gandhi International Stadium, Uppal",India
548330,2012,2012-04-19,Chennai,"MA Chidambaram Stadium, Chepauk",India
548331,2012,2012-04-20,Chandigarh,"Punjab Cricket Association Stadium, Mohali",India
548332,2012,2012-04-21,Chennai,"MA Chidambaram Stadium, Chepauk",India
548333,2012,2012-04-21,Delhi,Feroz Shah Kotla,India
548334,2012,2012-04-22,Mumbai,Wankhede Stadium,India
548335,2012,2012-04-22,Cuttack,Barabati Stadium,India
548336,2012,2012-04-23,Jaipur,Sawai Mansingh Stadium,India
548337,2012,2012-04-24,Pune,Subrata Roy Sahara Stadium,India
548339,2012,2012-04-25,Chandigarh,"Punjab Cricket Association Stadium, Mohali",India
548341,2012,2012-04-26,Pune,Subrata Roy Sahara Stadium,India
548342,2012,2012-04-27,Delhi,Feroz Shah Kotla,India
548343,2012,2012-04-28,Chennai,"MA Chidambaram Stadium, Chepauk",India
548344,2012,2012-04-28,Kolkata,Eden Gardens,India
548345,2012,2012-04-29,Delhi,Feroz Shah Kotla,India
548346,2012,2012-04-29,Mumbai,Wankhede Stadium,India
548347,2012,2012-04-30,Chennai,"MA Chidambaram Stadium, Chepauk",India
548348,2012,2012-05-01,Cuttack,Barabati Stadium,India
548349,2012,2012-05-01,Jaipur,Sawai Mansingh Stadium,India
548350,2012,2012-05-02,Bangalore,M Chinnaswamy Stadium,India
548351,2012,2012-05-03,Pune,Subrata Roy Sahara Stadium,India
548352,2012,2012-05-04,Chennai,"MA Chidambaram Stadium, Chepauk",India
548353,2012,2012-05-05,Kolkata,Eden Gardens,India
548354,2012,2012-05-05,Chandigarh,"Punjab Cricket Association Stadium, Mohali",India
548355,2012,2012-05-06,Mumbai,Wankhede Stadium,India
548356,2012,2012-05-06,Bangalore,M Chinnaswamy Stadium,India
548357,2012,2012-05-07,Delhi,Feroz Shah Kotla,India
548358,2012,2012-05-08,Pune,Subrata Roy Sahara Stadium,India
548359,2012,2012-05-08,Hyderabad,"Rajiv Gandhi International Stadium, Uppal",India
548360,2012,2012-05-09,Mumbai,Wankhede Stadium,India
548361,2012,2012-05-10,Jaipur,Sawai Mansingh Stadium,India
548362,2012,2012-05-11,Pune,Subrata Roy Sahara Stadium,India
548363,2012,2012-05-12,Kolkata,Eden Gardens,India
548364,2012,2012-05-12,Chennai,"MA Chidambaram Stadium, Chepauk",India
548365,2012,2012-05-13,Jaipur,Sawai Mansingh Stadium,India
548366,2012,2012-05-13,Chandigarh,"Punjab Cricket Association Stadium, Mohali",India
548367,2012,2012-05-14,Bangalore,M Chinnaswamy Stadium,India
548368,2012,2012-05-14,Kolkata,Eden Gardens,India
548369,2012,2012-05-15,Delhi,Feroz Shah Kotla,India
548370,2012,2012-05-16,Mumbai,Wankhede Stadium,India
548371,2012,2012-05-17,Dharamsala,Himachal Pradesh Cricket Association Stadium,India
548372,2012,2012-05-17,Delhi,Feroz Shah Kotla,India
548373,2012,2012-05-18,Hyderabad,"Rajiv Gandhi International Stadium, Uppal",India
548374,2012,2012-05-19,Dharamsala,Himachal Pradesh Cricket Association Stadium,India
548375,2012,2012-05-19,Pune,Subrata Roy Sahara Stadium,India
548376,2012,2012-05-20,Hyderabad,"Rajiv Gandhi International Stadium, Uppal",India
548377,2012,2012-05-20,Jaipur,Sawai Mansingh Stadium,India
548378,2012,2012-05-22,Pune,Subrata Roy Sahara Stadium,India
548379,2012,2012-05-23,Bangalore,M Chinnaswamy Stadium,India
548380,2012,2012-05-25,Chennai,"MA Chidambaram Stadium, Chepauk",India
548381,2012,2012-05-27,Chennai,"MA Chidambaram Stadium, Chepauk",India
597998,2013,2013-04-03,Kolkata,Eden Gardens,India
597999,2013,2013-04-04,Bangalore,M Chinnaswamy Stadium,India
598000,2013,2013-04-05,Hyderabad,"Rajiv Gandhi International Stadium, Uppal",India
598001,2013,2013-04-06,Delhi,Feroz Shah Kotla,India
598002,2013,2013-04-06,Chennai,"MA Chidambaram Stadium, Chepauk",India
598003,2013,2013-04-07,Pune,Subrata Roy Sahara Stadium,India
598004,2013,2013-04-07,Hyderabad,"Rajiv Gandhi International Stadium, Uppal",India
598005,2013,2013-04-08,Jaipur,Sawai Mansingh Stadium,India
598006,2013,2013-04-09,Mumbai,Wankhede Stadium,India
598007,2013,2013-04-10,Chandigarh,"Punjab Cricket Association Stadium, Mohali",India
598008,2013,2013-04-11,Bangalore,M Chinnaswamy Stadium,India
598009,2013,2013-04-11,Pune,Subrata Roy Sahara Stadium,India
598010,2013,2013-04-12,Delhi,Feroz Shah Kotla,India
598011,2013,2013-04-13,Mumbai,Wankhede Stadium,India
598012,2013,2013-04-13,Chennai,"MA Chidambaram Stadium, Chepauk",India
598013,2013,2013-04-14,Kolkata,Eden Gardens,India
598014,2013,2013-04-14,Jaipur,Sawai Mansingh Stadium,India
598015,2013,2013-04-15,Chennai,"MA Chidambaram Stadium, Chepauk",India
598016,2013,2013-04-16,Chandigarh,"Punjab Cricket Association Stadium, Mohali",India
598017,2013,2013-04-16,Bangalore,M Chinnaswamy Stadium,India
598018,2013,2013-04-17,Pune,Maharashtra Cricket Association Stadium,India
598019,2013,2013-04-17,Jaipur,Sawai Mansingh Stadium,India
598020,2013,2013-04-18,Delhi,Feroz Shah Kotla,India
598021,2013,2013-04-19,Hyderabad,"Rajiv Gandhi International Stadium, Uppal",India
598022,2013,2013-04-20,Kolkata,Eden Gardens,India
598023,2013,2013-04-20,Bangalore,M Chinnaswamy Stadium,India
598024,2013,2013-04-21,Delhi,Feroz Shah Kotla,India
598025,2013,2013-04-21,Chandigarh,"Punjab Cricket Association Stadium, Mohali",India
598026,2013,2013-04-22,Chennai,"MA Chidambaram Stadium, Chepauk",India
598027,2013,2013-04-23,Bangalore,M Chinnaswamy Stadium,India
598028,2013,2013-05-16,Dharamsala,Himachal Pradesh Cricket Association Stadium,India
598029,2013,2013-04-24,Kolkata,Eden Gardens,India
598030,2013,2013-04-25,Chennai,"MA Chidambaram Stadium, Chepauk",India
598031,2013,2013-04-26,Kolkata,Eden Gardens,India
598032,2013,2013-04-27,Jaipur,Sawai Mansingh Stadium,India
598033,2013,2013-04-27,Mumbai,Wankhede Stadium,India
598034,2013,2013-04-28,Chennai,"MA Chidambaram Stadium, Chepauk",India
598035,2013,2013-04-28,Raipur,Shaheed Veer Narayan Singh International Stadium,India
598036,2013,2013-04-29,Jaipur,Sawai Mansingh Stadium,India
598037,2013,2013-04-29,Mumbai,Wankhede Stadium,India
598038,2013,2013-04-30,Pune,Subrata Roy Sahara Stadium,India
598039,2013,2013-05-01,Hyderabad,"Rajiv Gandhi International Stadium, Uppal",India
598040,2013,2013-05-01,Raipur,Shaheed Veer Narayan Singh International Stadium,India
598041,2013,2013-05-02,Chennai,"MA Chidambaram Stadium, Chepauk",India
598042,2013,2013-05-02,Pune,Subrata Roy Sahara Stadium,India
598043,2013,2013-05-03,Kolkata,Eden Gardens,India
598044,2013,2013-05-04,Hyderabad,"Rajiv Gandhi International Stadium, Uppal",India
598045,2013,2013-05-14,Bangalore,M Chinnaswamy Stadium,India
598046,2013,2013-05-05,Mumbai,Wankhede Stadium,India
598047,2013,2013-05-05,Jaipur,Sawai Mansingh Stadium,India
598048,2013,2013-04-09,Bangalore,M Chinnaswamy Stadium,India
598049,2013,2013-05-07,Jaipur,Sawai Mansingh Stadium,India
598050,2013,2013-05-07,Mumbai,Wankhede Stadium,India
598051,2013,2013-05-08,Hyderabad,"Rajiv Gandhi International Stadium, Uppal",India
598052,2013,2013-05-09,Chandigarh,"Punjab Cricket Association Stadium, Mohali",India
598053,2013,2013-05-09,Pune,Subrata Roy Sahara Stadium,India
598054,2013,2013-05-10,Delhi,Feroz Shah Kotla,India
598055,2013,2013-05-11,Pune,Subrata Roy Sahara Stadium,India
598056,2013,2013-05-11,Chandigarh,"Punjab Cricket Association Stadium, Mohali",India
598057,2013,2013-05-12,Ranchi,JSCA International Stadium Complex,India
598058,2013,2013-05-12,Jaipur,Sawai Mansingh Stadium,India
598059,2013,2013-04-23,Delhi,Feroz Shah Kotla,India
598060,2013,2013-05-13,Mumbai,Wankhede Stadium,India
598061,2013,2013-05-15,Ranchi,JSCA International Stadium Complex,India
598062,2013,2013-05-14,Chennai,"MA Chidambaram Stadium, Chepauk",India
598063,2013,2013-05-15,Mumbai,Wankhede Stadium,India
598064,2013,2013-05-06,Chandigarh,"Punjab Cricket Association Stadium, Mohali",India
598065,2013,2013-05-17,Hyderabad,"Rajiv Gandhi International Stadium, Uppal",India
598066,2013,2013-05-18,Dharamsala,Himachal Pradesh Cricket Association Stadium,India
598067,2013,2013-05-19,Pune,Subrata Roy Sahara Stadium,India
598068,2013,2013-05-18,Bangalore,M Chinnaswamy Stadium,India
598069,2013,2013-05-19,Hyderabad,"Rajiv Gandhi International Stadium, Uppal",India
598070,2013,2013-05-21,Delhi,Feroz Shah Kotla,India
598071,2013,2013-05-22,Delhi,Feroz Shah Kotla,India
598072,2013,2013-05-24,Kolkata,Eden Gardens,India
598073,2013,2013-05-26,Kolkata,Eden Gardens,India
729279,2014,2014-04-16,Abu Dhabi,Sheikh Zayed Stadium,Overseas
729281,2014,2014-04-17,,Sharjah Cricket Stadium,Overseas
729283,2014,2014-04-18,Abu Dhabi,Sheikh Zayed Stadium,Overseas
729285,2014,2014-04-18,Abu Dhabi,Sheikh Zayed Stadium,Overseas
729287,2014,2014-04-19,,Dubai International Cricket Stadium,Overseas
729289,2014,2014-04-19,,Dubai International Cricket Stadium,Overseas
729291,2014,2014-04-20,,Sharjah Cricket Stadium,Overseas
729293,2014,2014-04-21,Abu Dhabi,Sheikh Zayed Stadium,Overseas
729295,2014,2014-04-22,,Sharjah Cricket Stadium,Overseas
729297,2014,2014-04-23,,Dubai International Cricket Stadium,Overseas
729299,2014,2014-04-24,,Sharjah Cricket Stadium,Overseas
729301,2014,2014-04-25,,Dubai International Cricket Stadium,Overseas
729303,2014,2014-04-25,,Dubai International Cricket Stadium,Overseas
729305,2014,2014-04-26,Abu Dhabi,Sheikh Zayed Stadium,Overseas
729307,2014,2014-04-26,Abu Dhabi,Sheikh Zayed Stadium,Overseas
729309,2014,2014-04-27,,Sharjah Cricket Stadium,Overseas
729311,2014,2014-04-27,,Sharjah Cricket Stadium,Overseas
729313,2014,2014-04-28,,Dubai International Cricket Stadium,Overseas
729315,2014,2014-04-29,Abu Dhabi,Sheikh Zayed Stadium,Overseas
729317,2014,2014-04-30,,Dubai International Cricket Stadium,Overseas
733971,2014,2014-05-02,Ranchi,JSCA International Stadium Complex,India
733973,2014,2014-05-03,Mumbai,Wankhede Stadium,India
733975,2014,2014-05-03,Delhi,Feroz Shah Kotla,India
733977,2014,2014-05-04,Bangalore,M Chinnaswamy Stadium,India
733979,2014,2014-05-05,Ahmedabad,"Sardar Patel Stadium, Motera",India
733981,2014,2014-05-05,Delhi,Feroz Shah Kotla,India
733983,2014,2014-05-06,Mumbai,Wankhede Stadium,India
733985,2014,2014-05-07,Delhi,Feroz Shah Kotla,India
733987,2014,2014-05-07,Cuttack,Barabati Stadium,India
733989,2014,2014-05-08,Ahmedabad,"Sardar Patel Stadium, Motera",India
733991,2014,2014-05-09,Bangalore,M Chinnaswamy Stadium,India
733993,2014,2014-05-10,Delhi,Feroz Shah Kotla,India
733995,2014,2014-05-10,Mumbai,Wankhede Stadium,India
733997,2014,2014-05-11,Cuttack,Barabati Stadium,India
733999,2014,2014-05-11,Bangalore,M Chinnaswamy Stadium,India
734001,2014,2014-05-12,Hyderabad,"Rajiv Gandhi International Stadium, Uppal",India
734003,2014,2014-05-13,Ranchi,JSCA International Stadium Complex,India
734005,2014,2014-05-13,Bangalore,M Chinnaswamy Stadium,India
734007,2014,2014-05-14,Hyderabad,"Rajiv Gandhi International Stadium, Uppal",India
734009,2014,2014-05-14,Cuttack,Barabati Stadium,India
734011,2014,2014-05-15,Ahmedabad,"Sardar Patel Stadium, Motera",India
734013,2014,2014-05-18,Ranchi,JSCA International Stadium Complex,India
734015,2014,2014-05-18,Hyderabad,"Rajiv Gandhi International Stadium, Uppal",India
734017,2014,2014-05-19,Ahmedabad,"Sardar Patel Stadium, Motera",India
734019,2014,2014-05-19,Delhi,Feroz Shah Kotla,India
734021,2014,2014-05-20,Hyderabad,"Rajiv Gandhi International Stadium, Uppal",India
734023,2014,2014-05-20,Kolkata,Eden Gardens,India
734025,2014,2014-05-21,Chandigarh,"Punjab Cricket Association Stadium, Mohali",India
734027,2014,2014-05-22,Kolkata,Eden Gardens,India
734029,2014,2014-05-22,Ranchi,JSCA International Stadium Complex,India
734031,2014,2014-05-23,Mumbai,Wankhede Stadium,India
734033,2014,2014-05-23,Chandigarh,"Punjab Cricket Association Stadium, Mohali",India
734035,2014,2014-05-24,Bangalore,M Chinnaswamy Stadium,India
734037,2014,2014-05-24,Kolkata,Eden Gardens,India
734039,2014,2014-05-25,Chandigarh,"Punjab Cricket Association Stadium, Mohali",India
734041,2014,2014-05-25,Mumbai,Wankhede Stadium,India
734043,2014,2014-05-27,Kolkata,Eden Gardens,India
734045,2014,2014-05-28,Mumbai,Brabourne Stadium,India
734047,2014,2014-05-30,Mumbai,Wankhede Stadium,India
734049,2014,2014-06-01,Bangalore,M Chinnaswamy Stadium,India
829705,2015,2015-04-08,Kolkata,Eden Gardens,India
829707,2015,2015-04-09,Chennai,"MA Chidambaram Stadium, Chepauk",India
829709,2015,2015-04-10,Pune,Maharashtra Cricket Association Stadium,India
829711,2015,2015-04-11,Chennai,"MA Chidambaram Stadium, Chepauk",India
829713,2015,2015-04-11,Kolkata,Eden Gardens,India
829715,2015,2015-04-12,Delhi,Feroz Shah Kotla,India
829717,2015,2015-04-12,Mumbai,Wankhede Stadium,India
829719,2015,2015-04-13,Bangalore,M Chinnaswamy Stadium,India
829721,2015,2015-04-14,Ahmedabad,"Sardar Patel Stadium, Motera",India
829723,2015,2015-04-30,Kolkata,Eden Gardens,India
829725,2015,2015-04-15,Pune,Maharashtra Cricket Association Stadium,India
829727,2015,2015-04-16,Visakhapatnam,Dr. Y.S. Rajasekhara Reddy ACA-VDCA Cricket Stadium,India
829729,2015,2015-04-17,Mumbai,Wankhede Stadium,India
829731,2015,2015-04-18,Visakhapatnam,Dr. Y.S. Rajasekhara Reddy ACA-VDCA Cricket Stadium,India
829733,2015,2015-04-18,Pune,Maharashtra Cricket Association Stadium,India
829735,2015,2015-04-19,Ahmedabad,"Sardar Patel Stadium, Motera",India
829737,2015,2015-04-19,Bangalore,M Chinnaswamy Stadium,India
829739,2015,2015-04-20,Delhi,Feroz Shah Kotla,India
829741,2015,2015-04-21,Ahmedabad,"Sardar Patel Stadium, Motera",India
829743,2015,2015-04-22,Visakhapatnam,Dr. Y.S. Rajasekhara Reddy ACA-VDCA Cricket Stadium,India
829745,2015,2015-04-22,Bangalore,M Chinnaswamy Stadium,India
829747,2015,2015-04-23,Delhi,Feroz Shah Kotla,India
829749,2015,2015-04-24,Ahmedabad,"Sardar Patel Stadium, Motera",India
829751,2015,2015-04-25,Mumbai,Wankhede Stadium,India
829753,2015,2015-04-25,Chennai,"MA Chidambaram Stadium, Chepauk",India
829757,2015,2015-04-26,Delhi,Feroz Shah Kotla,India
829759,2015,2015-04-27,Chandigarh,"Punjab Cricket Association Stadium, Mohali",India
829761,2015,2015-05-07,Kolkata,Eden Gardens,India
829763,2015,2015-04-29,Bangalore,M Chinnaswamy Stadium,India
829765,2015,2015-04-28,Chennai,"MA Chidambaram Stadium, Chepauk",India
829767,2015,2015-05-01,Delhi,Feroz Shah Kotla,India
829769,2015,2015-05-01,Mumbai,Wankhede Stadium,India
829771,2015,2015-05-02,Bangalore,M Chinnaswamy Stadium,India
829773,2015,2015-05-02,Hyderabad,"Rajiv Gandhi International Stadium, Uppal",India
829775,2015,2015-05-03,Chandigarh,"Punjab Cricket Association Stadium, Mohali",India
829777,2015,2015-05-03,Mumbai,Brabourne Stadium,India
829779,2015,2015-05-04,Chennai,"MA Chidambaram Stadium, Chepauk",India
829781,2015,2015-05-04,Kolkata,Eden Gardens,India
829783,2015,2015-05-05,Mumbai,Wankhede Stadium,India
829785,2015,2015-05-06,Bangalore,M Chinnaswamy Stadium,India
829787,2015,2015-05-07,Mumbai,Brabourne Stadium,India
829789,2015,2015-05-08,Chennai,"MA Chidambaram Stadium, Chepauk",India
829791,2015,2015-05-09,Kolkata,Eden Gardens,India
829793,2015,2015-05-09,Raipur,Shaheed Veer Narayan Singh International Stadium,India
829795,2015,2015-05-10,Mumbai,Wankhede Stadium,India
829797,2015,2015-05-10,Chennai,"MA Chidambaram Stadium, Chepauk",India
829799,2015,2015-05-11,Hyderabad,"Rajiv Gandhi International Stadium, Uppal",India
829801,2015,2015-05-12,Raipur,Shaheed Veer Narayan Singh International Stadium,India
829803,2015,2015-05-13,Chandigarh,"Punjab Cricket Association Stadium, Mohali",India
829805,2015,2015-05-14,Mumbai,Wankhede Stadium,India
829807,2015,2015-05-15,Hyderabad,"Rajiv Gandhi International Stadium, Uppal",India
829809,2015,2015-05-16,Chandigarh,"Punjab Cricket Association Stadium, Mohali",India
829811,2015,2015-05-16,Mumbai,Brabourne Stadium,India
829813,2015,2015-05-17,Bangalore,M Chinnaswamy Stadium,India
829815,2015,2015-05-17,Hyderabad,"Rajiv Gandhi International Stadium, Uppal",India
829817,2015,2015-05-19,Mumbai,Wankhede Stadium,India
829819,2015,2015-05-20,Pune,Maharashtra Cricket Association Stadium,India
829821,2015,2015-05-22,Ranchi,JSCA International Stadium Complex,India
829823,2015,2015-05-24,Kolkata,Eden Gardens,India
980901,2016,2016-04-09,Mumbai,Wankhede Stadium,India
980903,2016,2016-04-10,Kolkata,Eden Gardens,India
980905,2016,2016-04-11,Chandigarh,"Punjab Cricket Association IS Bindra Stadium, Mohali",India
980907,2016,2016-04-12,Bangalore,M Chinnaswamy Stadium,India
980909,2016,2016-04-13,Kolkata,Eden Gardens,India
980911,2016,2016-04-14,Rajkot,Saurashtra Cricket Association Stadium,India
980913,2016,2016-04-15,Delhi,Feroz Shah Kotla,India
980915,2016,2016-04-16,Hyderabad,"Rajiv Gandhi International Stadium, Uppal",India
980917,2016,2016-04-16,Mumbai,Wankhede Stadium,India
980919,2016,2016-04-17,Chandigarh,"Punjab Cricket Association IS Bindra Stadium, Mohali",India
980921,2016,2016-04-17,Bangalore,M Chinnaswamy Stadium,India
980923,2016,2016-04-18,Hyderabad,"Rajiv Gandhi International Stadium, Uppal",India
980925,2016,2016-04-19,Chandigarh,"Punjab Cricket Association IS Bindra Stadium, Mohali",India
980927,2016,2016-04-20,Mumbai,Wankhede Stadium,India
980929,2016,2016-04-21,Rajkot,Saurashtra Cricket Association Stadium,India
980931,2016,2016-04-22,Pune,Maharashtra Cricket Association Stadium,India
980933,2016,2016-04-23,Delhi,Feroz Shah Kotla,India
980935,2016,2016-04-23,Hyderabad,"Rajiv Gandhi International Stadium, Uppal",India
980937,2016,2016-04-24,Rajkot,Saurashtra Cricket Association Stadium,India
980939,2016,2016-04-24,Pune,Maharashtra Cricket Association Stadium,India
980941,2016,2016-04-25,Chandigarh,"Punjab Cricket Association IS Bindra Stadium, Mohali",India
980943,2016,2016-04-26,Hyderabad,"Rajiv Gandhi International Stadium, Uppal",India
980945,2016,2016-04-27,Delhi,Feroz Shah Kotla,India
980947,2016,2016-04-28,Mumbai,Wankhede Stadium,India
980949,2016,2016-04-29,Pune,Maharashtra Cricket Association Stadium,India
980951,2016,2016-04-30,Delhi,Feroz Shah Kotla,India
980953,2016,2016-04-30,Hyderabad,"Rajiv Gandhi International Stadium, Uppal",India
980955,2016,2016-05-01,Rajkot,Saurashtra Cricket Association Stadium,India
980957,2016,2016-05-01,Pune,Maharashtra Cricket Association Stadium,India
980959,2016,2016-05-02,Bangalore,M Chinnaswamy Stadium,India
980961,2016,2016-05-03,Rajkot,Saurashtra Cricket Association Stadium,India
980963,2016,2016-05-04,Kolkata,Eden Gardens,India
980965,2016,2016-05-05,Delhi,Feroz Shah Kotla,India
980967,2016,2016-05-06,Hyderabad,"Rajiv Gandhi International Stadium, Uppal",India
980969,2016,2016-05-07,Bangalore,M Chinnaswamy Stadium,India
980971,2016,2016-05-07,Chandigarh,"Punjab Cricket Association IS Bindra Stadium, Mohali",India
980973,2016,2016-05-08,Visakhapatnam,Dr. Y.S. Rajasekhara Reddy ACA-VDCA Cricket Stadium,India
980975,2016,2016-05-08,Kolkata,Eden Gardens,India
980977,2016,2016-05-09,Chandigarh,"Punjab Cricket Association IS Bindra Stadium, Mohali",India
1473446,2025,2025-03-29,Ahmedabad,"Narendra Modi Stadium, Ahmedabad",India
980979,2016,2016-05-10,Visakhapatnam,Dr. Y.S. Rajasekhara Reddy ACA-VDCA Cricket Stadium,India
980981,2016,2016-05-11,Bangalore,M Chinnaswamy Stadium,India
980983,2016,2016-05-12,Hyderabad,"Rajiv Gandhi International Stadium, Uppal",India
980985,2016,2016-05-13,Visakhapatnam,Dr. Y.S. Rajasekhara Reddy ACA-VDCA Cricket Stadium,India
980987,2016,2016-05-14,Bangalore,M Chinnaswamy Stadium,India
980989,2016,2016-05-14,Kolkata,Eden Gardens,India
980991,2016,2016-05-15,Chandigarh,"Punjab Cricket Association IS Bindra Stadium, Mohali",India
980993,2016,2016-05-15,Visakhapatnam,Dr. Y.S. Rajasekhara Reddy ACA-VDCA Cricket Stadium,India
980995,2016,2016-05-16,Kolkata,Eden Gardens,India
980997,2016,2016-05-17,Visakhapatnam,Dr. Y.S. Rajasekhara Reddy ACA-VDCA Cricket Stadium,India
980999,2016,2016-05-18,Bangalore,M Chinnaswamy Stadium,India
981001,2016,2016-05-19,Kanpur,Green Park,India
981003,2016,2016-05-20,Raipur,Shaheed Veer Narayan Singh International Stadium,India
981005,2016,2016-05-21,Visakhapatnam,Dr. Y.S. Rajasekhara Reddy ACA-VDCA Cricket Stadium,India
981007,2016,2016-05-21,Kanpur,Green Park,India
981009,2016,2016-05-22,Kolkata,Eden Gardens,India
981011,2016,2016-05-22,Raipur,Shaheed Veer Narayan Singh International Stadium,India
981013,2016,2016-05-24,Bangalore,M Chinnaswamy Stadium,India
981015,2016,2016-05-25,Delhi,Feroz Shah Kotla,India
981017,2016,2016-05-27,Delhi,Feroz Shah Kotla,India
981019,2016,2016-05-29,Bangalore,M Chinnaswamy Stadium,India
1473447,2025,2025-03-30,Visakhapatnam,"Dr. Y.S. Rajasekhara Reddy ACA-VDCA Cricket Stadium, Visakhapatnam",India
1473448,2025,2025-03-30,Guwahati,"Barsapara Cricket Stadium, Guwahati",India
1473449,2025,2025-03-31,Mumbai,"Wankhede Stadium, Mumbai",India
1473450,2025,2025-04-01,Lucknow,"Bharat Ratna Shri Atal Bihari Vajpayee Ekana Cricket Stadium, Lucknow",India
1473451,2025,2025-04-02,Bengaluru,"M Chinnaswamy Stadium, Bengaluru",India
1473452,2025,2025-04-03,Kolkata,"Eden Gardens, Kolkata",India
1473453,2025,2025-04-04,Lucknow,"Bharat Ratna Shri Atal Bihari Vajpayee Ekana Cricket Stadium, Lucknow",India
1473454,2025,2025-04-05,Chennai,"MA Chidambaram Stadium, Chepauk, Chennai",India
1473455,2025,2025-04-05,Mohali,"Maharaja Yadavindra Singh International Cricket Stadium, Mullanpur",India
1473456,2025,2025-04-08,Kolkata,"Eden Gardens, Kolkata",India
1473457,2025,2025-04-06,Hyderabad,"Rajiv Gandhi International Stadium, Uppal, Hyderabad",India
1473458,2025,2025-04-07,Mumbai,"Wankhede Stadium, Mumbai",India
1473459,2025,2025-04-08,Mohali,"Maharaja Yadavindra Singh International Cricket Stadium, Mullanpur",India
1473460,2025,2025-04-09,Ahmedabad,"Narendra Modi Stadium, Ahmedabad",India
1473461,2025,2025-04-10,Bengaluru,"M Chinnaswamy Stadium, Bengaluru",India
1473462,2025,2025-04-11,Chennai,"MA Chidambaram Stadium, Chepauk, Chennai",India
1473463,2025,2025-04-12,Lucknow,"Bharat Ratna Shri Atal Bihari Vajpayee Ekana Cricket Stadium, Lucknow",India
1473464,2025,2025-04-12,Hyderabad,"Rajiv Gandhi International Stadium, Uppal, Hyderabad",India
1473465,2025,2025-04-13,Jaipur,"Sawai Mansingh Stadium, Jaipur",India
1473466,2025,2025-04-13,Delhi,"Arun Jaitley Stadium, Delhi",India
1473467,2025,2025-04-14,Lucknow,"Bharat Ratna Shri Atal Bihari Vajpayee Ekana Cricket Stadium, Lucknow",India
1473468,2025,2025-04-15,Mohali,"Maharaja Yadavindra Singh International Cricket Stadium, Mullanpur",India
1473469,2025,2025-04-16,Delhi,"Arun Jaitley Stadium, Delhi",India
1473470,2025,2025-04-17,Mumbai,"Wankhede Stadium, Mumbai",India
1473471,2025,2025-04-18,Bengaluru,"M Chinnaswamy Stadium, Bengaluru",India
1473472,2025,2025-04-19,Ahmedabad,"Narendra Modi Stadium, Ahmedabad",India
1473473,2025,2025-04-19,Jaipur,"Sawai Mansingh Stadium, Jaipur",India
1473474,2025,2025-04-20,Mohali,"Maharaja Yadavindra Singh International Cricket Stadium, Mullanpur",India
1473475,2025,2025-04-20,Mumbai,"Wankhede Stadium, Mumbai",India
1473476,2025,2025-04-21,Kolkata,"Eden Gardens, Kolkata",India
1473477,2025,2025-04-22,Lucknow,"Bharat Ratna Shri Atal Bihari Vajpayee Ekana Cricket Stadium, Lucknow",India
1473478,2025,2025-04-23,Hyderabad,"Rajiv Gandhi International Stadium, Uppal, Hyderabad",India
1473479,2025,2025-04-24,Bengaluru,"M Chinnaswamy Stadium, Bengaluru",India
1473480,2025,2025-04-25,Chennai,"MA Chidambaram Stadium, Chepauk, Chennai",India
1473481,2025,2025-04-26,Kolkata,"Eden Gardens, Kolkata",India
1473482,2025,2025-04-27,Mumbai,"Wankhede Stadium, Mumbai",India
1473483,2025,2025-04-27,Delhi,"Arun Jaitley Stadium, Delhi",India
1473484,2025,2025-04-28,Jaipur,"Sawai Mansingh Stadium, Jaipur",India
1473485,2025,2025-04-29,Delhi,"Arun Jaitley Stadium, Delhi",India
1473486,2025,2025-04-30,Chennai,"MA Chidambaram Stadium, Chepauk, Chennai",India
1473487,2025,2025-05-01,Jaipur,"Sawai Mansingh Stadium, Jaipur",India
1473488,2025,2025-05-02,Ahmedabad,"Narendra Modi Stadium, Ahmedabad",India
1473489,2025,2025-05-03,Bengaluru,"M Chinnaswamy Stadium, Bengaluru",India
1473490,2025,2025-05-04,Kolkata,"Eden Gardens, Kolkata",India
1473491,2025,2025-05-04,Dharamsala,"Himachal Pradesh Cricket Association Stadium, Dharamsala",India
1473492,2025,2025-05-05,Hyderabad,"Rajiv Gandhi International Stadium, Uppal, Hyderabad",India
1473493,2025,2025-05-06,Mumbai,"Wankhede Stadium, Mumbai",India
1473494,2025,2025-05-07,Kolkata,"Eden Gardens, Kolkata",India
1473495,2025,2025-05-08,Dharamsala,"Himachal Pradesh Cricket Association Stadium, Dharamsala",India
1473497,2025,2025-05-18,Jaipur,"Sawai Mansingh Stadium, Jaipur",India
1473498,2025,2025-05-18,Delhi,"Arun Jaitley Stadium, Delhi",India
1473499,2025,2025-05-19,Lucknow,"Bharat Ratna Shri Atal Bihari Vajpayee Ekana Cricket Stadium, Lucknow",India
1473500,2025,2025-05-20,Delhi,"Arun Jaitley Stadium, Delhi",India
1473501,2025,2025-05-21,Mumbai,"Wankhede Stadium, Mumbai",India
1473502,2025,2025-05-22,Ahmedabad,"Narendra Modi Stadium, Ahmedabad",India
1473503,2025,2025-05-23,Lucknow,"Bharat Ratna Shri Atal Bihari Vajpayee Ekana Cricket Stadium, Lucknow",India
1473504,2025,2025-05-25,Ahmedabad,"Narendra Modi Stadium, Ahmedabad",India
1473505,2025,2025-05-25,Delhi,"Arun Jaitley Stadium, Delhi",India
1473506,2025,2025-05-26,Jaipur,"Sawai Mansingh Stadium, Jaipur",India
1473507,2025,2025-05-27,Lucknow,"Bharat Ratna Shri Atal Bihari Vajpayee Ekana Cricket Stadium, Lucknow",India
1473508,2025,2025-05-29,New Chandigarh,"Maharaja Yadavindra Singh International Cricket Stadium, Mullanpur",India
1473509,2025,2025-05-30,New Chandigarh,"Maharaja Yadavindra Singh International Cricket Stadium, New Chandigarh",India
1473510,2025,2025-06-01,Ahmedabad,"Narendra Modi Stadium, Ahmedabad",India
1473511,2025,2025-06-03,Ahmedabad,"Narendra Modi Stadium, Ahmedabad",India
1485779,2025,2025-05-24,Jaipur,"Sawai Mansingh Stadium, Jaipur",India
